id,台本での使い方,値,単位,調査・論文名,発行元・著者,年度・版,表・ページ,URL,取得日,照合（オーナー）,照合日,メモ
S1,第1章：近さ（団地の友人関係）。隣は2つ隣より約2倍親しくなりやすい,隣（約20フィート）は2つ隣（約40フィート）より約2倍、親しい友人になりやすい,倍,Social Pressures in Informal Groups: A Study of Human Factors in Housing,"Festinger, Schachter, Back（Harper）",1950,本文未確認（値は Finkel & Baumeister 総説 p.18〜19 から）,https://archive.org/details/socialpressuresi00fest,2026-10-07,台本で使わない（照合なし）,,元のid P1（research/）。二次で確認（P28の総説）。原本は archive.org で貸出制限、本文未確認。MITのWestgate West、夫婦単位の友人関係で恋愛ではない。教科書の「41%・22%・10%」は未確認なので使わない
S2,第1章：結婚した夫婦の住所の距離,"フィラデルフィアの結婚許可証5,000件のうち、3分の1の組が5ブロック以内に住んでいた",組の割合,Residential Propinquity as a Factor in Marriage Selection,James H. S. Bossard（American Journal of Sociology 38(2) 219–224）,1932,要旨,https://doi.org/10.1086/216031,2026-10-07,台本で使わない（照合なし）,,元のid P2（research/）。要旨だけで確認（OpenAlex の要旨）。「12%は同じ住所」は未確認。近さと階層・民族の効果は分けていない
S3,第1章：くじの座席で1年後の友人関係,心理学の新入生54人。くじで隣の席・同じ列になった人どうしは1年後の友人関係の強さが高い,—,Becoming Friends by Chance,"Back, Schmukle, Egloff（Psychological Science 19(5) 439–440）",2008,短報（本文未確認）,https://doi.org/10.1111/j.1467-9280.2008.02106.x,2026-10-07,済（オーナー「照合すみ」）,2026-10-10,元のid P3（research/）。要旨だけで確認（APSのプレスリリース https://www.sciencedaily.com/releases/2008/06/080602163842.htm と書誌）。効果の大きさの数値は未確認。ドイツ・ライプツィヒ大学。友人関係で恋愛ではない
S4,第1章：座席の大規模追試,"隣の席の子と友だちになる確率22.3%、隣でない子15.3%（差7.0ポイント）。2,966人・182学級・40校",%,Proximity can induce diverse friendships: A large randomized classroom experiment,"Rohrer, Keller, Elwert（PLOS ONE 16(8) e0255097）",2021,本文 結果の節,https://doi.org/10.1371/journal.pone.0255097,2026-10-07,済（オーナー「照合すみ」）,2026-10-10,元のid P4（research/）。原文で確認（PLOS ONE の本文ページ）。ハンガリーの小学校3〜8年生、2017年秋の1学期。子ども・地方の学校
S5,第1章：単純接触効果の提唱と黒い袋の学生の逸話,くり返し触れるだけで態度が良くなる、という仮説。冒頭に1967年オレゴン州立大学の「黒い袋の学生」の新聞記事（敵意→好奇心→友情）,—,Attitudinal effects of mere exposure,"Robert B. Zajonc（JPSP 9(2, Pt.2) 1–27）",1968,要旨・冒頭 p.1,https://doi.org/10.1037/h0025848,2026-10-07,台本で使わない（照合なし）,,元のid P5（research/）。要旨だけで確認（OpenAlex の要旨と冒頭の文）。黒い袋の話は AP 通信の記事の逸話で実験ではない
S6,第1章：単純接触効果のメタ分析（使うなら照合が要る）,208の実験、r = .26。気づかない提示のほうが効果が大きい,r,"Exposure and affect: Overview and meta-analysis of research, 1968–1987",Robert F. Bornstein（Psychological Bulletin 106(2) 265–289）,1989,未確認,https://doi.org/10.1037/0033-2909.106.2.265,2026-10-07,台本で使わない（照合なし）,,元のid P6（research/）。未確認（数値は二次資料のみ。要旨の英語版にも届かず）
S7,第1章：会うほど好きは一直線ではない（逆U字）,81本の論文・268の曲線。くり返しの効果は逆U字。目で見る刺激では出るが音では出ない等、条件で変わる,—,"A re-examination of the mere exposure effect: The influence of repeated exposure on recognition, familiarity, and liking",Montoya ほか（Psychological Bulletin 143(5) 459–498）,2017,要旨,https://doi.org/10.1037/bul0000085,2026-10-07,台本で使わない（照合なし）,,元のid P7（research/）。要旨だけで確認（OpenAlex）
S8,第1章：教室に出席した回数と魅力,女性4人が40回の授業のうち0・5・10・15回出席（話さない）。受講生130人の評価で、出席が多いほど魅力的・自分に似ていると評価。見覚えの感じは弱くしか変わらない,—,Exposure effects in the classroom: The development of affinity among students,Moreland & Beach（Journal of Experimental Social Psychology 28(3) 255–276）,1992,要旨,https://doi.org/10.1016/0022-1031(92)90055-O,2026-10-07,台本で使わない（照合なし）,,元のid P8（research/）。要旨だけで確認（書誌データベースの要旨と P28 の総説）。平均値（0回3.62→15回4.38）は二次資料のみで未確認。ピッツバーグ大学
S9,第1章：知るほど嫌いになる（紙の上の情報）,情報が増えるほど平均では好意が下がる。一度違いを見つけると次の情報も違いと読む。婚活サイトの会う前・後のデータでも,—,"Less is more: The lure of ambiguity, or why familiarity breeds contempt","Norton, Frost, Ariely（JPSP 92(1) 97–105）",2007,要旨,https://doi.org/10.1037/0022-3514.92.1.97,2026-10-07,台本で使わない（照合なし）,,元のid P9（research/）。要旨だけで確認（PubMed）。P10 の反論と必ず一緒に出す
S10,第1章：実際に会話すると、長く話すほど惹かれる,初対面の同性2人に会話させる2つの実験。長く話した組ほど互いに惹かれた。理由は分かってもらえている感じ・話しやすさ・知っている感じ,—,Familiarity does indeed promote attraction in live interaction,Reis ほか（JPSP 101(3) 557–570）,2011,要旨,https://doi.org/10.1037/a0022885,2026-10-07,台本で使わない（照合なし）,,元のid P10（research/）。要旨だけで確認（OpenAlex）。同性の組で恋愛ではない
S11,第2章：特定の人への好意は返され、誰にでもの好意は好かれない,学部生156人、スピードデート7回、1人9〜13人と4分ずつ。二者間の返報性 r = .14、一般的な返報性 r = −.41,r,Selective versus unselective romantic desire: Not all reciprocity is created equal,"Eastwick, Finkel, Mochon, Ariely（Psychological Science 18(4) 317–319）",2007,本文未確認（値は P27 の図1）,https://doi.org/10.1111/j.1467-9280.2007.01897.x,2026-10-07,台本で使わない（照合なし）,,元のid P11（research/）。人数・方法は要旨だけで確認（APSのプレスリリース https://www.sciencedaily.com/releases/2007/02/070206132059.htm）。相関の値は著者自身の総説（P27）の図1で原文確認。ノースウェスタン大学
S12,第2章：好かれていると信じると態度が変わる,好かれていると信じた人は温かく自己開示が多くなり、相手も実際に好きになった,—,Believing another likes or dislikes you: Behaviors making the beliefs come true,Curtis & Miller（JPSP 51(2) 284–290）,1986,未確認,https://doi.org/10.1037/0022-3514.51.2.284,2026-10-07,台本で使わない（照合なし）,,元のid P12（research/）。二次で確認（P28 の総説 p.9）。人数・数値は未確認
S13,（使うなら要確認）得失効果,未確認,—,Gain and loss of esteem as determinants of interpersonal attractiveness,Aronson & Linder（Journal of Experimental Social Psychology 1(2) 156–171）,1965,未確認,https://doi.org/10.1016/0022-1031(65)90043-0,2026-10-07,台本で使わない（照合なし）,,元のid P13（research/）。未確認（書誌のみ確認。本文・要旨に届かず）
S14,第2章：似ていること,313の研究・460の効果量。実際の類似 r = .47、感じた類似 r = .39。実際の類似は続いている関係では有意でない。感じた類似はどの段階でも予測,r,Is actual similarity necessary for attraction? A meta-analysis of actual and perceived similarity,"Montoya, Horton, Kirchner（Journal of Social and Personal Relationships 25(6) 889–922）",2008,要旨,https://doi.org/10.1177/0265407508096700,2026-10-07,台本で使わない（照合なし）,,元のid P14（research/）。要旨だけで確認（マードック大学の研究ポータル）
S15,第3章など：36の質問は親密さの研究。結婚した組の話の真偽,45分。親密さ 4.06（質問）対 3.25（世間話）、0.88標準偏差。IOS 平均3.82＝学生の「一番近い関係」の約30パーセンタイル。追跡58組：また話した57%・一緒に何かした35%・隣に座った37%。結婚した1組は1991年の予備研究（1時間半版）の逸話,点・%,The experimental generation of interpersonal closeness: A procedure and some preliminary findings,"Aron, Melinat, Aron, Vallone, Bator（Personality and Social Psychology Bulletin 23(4) 363–377）",1997,p.364（結婚の1組）、p.367（Study 1）、p.371（30パーセンタイル・追跡）,https://doi.org/10.1177/0146167297234003,2026-10-07,台本で使わない（照合なし）,,元のid P15（research/）。原文で確認（スキャンPDF https://psychodramaaustralia.edu.au/sites/default/files/falling_in_love-aron.pdf）。ページは本文の文脈から推定。NYT（Catron 2015）の「6か月後に結婚し研究室を招いた」は論文になく未確認
S16,第3章の柱：誰が誰を好きになるかは会う前に予測できない,2標本（163人・2005年、187人・2007年）。変数112〜182。分散：好きになりやすさ12〜14%、好かれやすさ23〜26%、この2人だけ31〜36%。予測：好きになりやすさ4〜18%、好かれやすさ7〜27%、この2人だけ −4.55〜1.30%（表2は1.34%）。標本をまたぐと0.1%未満。会ったあとの評価なら16〜29%,%,Is romantic desire predictable? Machine learning applied to initial romantic attraction,"Joel, Eastwick, Finkel（Psychological Science 28巻 1478–1489）",2017,要旨 p.1478、表1 p.1482、結果 p.1483〜1484、表3 p.1484、考察 p.1485〜1487,https://doi.org/10.1177/0956797617714580,2026-10-07,済（オーナー「照合すみ」）,2026-10-10,元のid P16（research/）。原文で確認（PDF https://gwern.net/doc/psychology/2017-joel.pdf）。要旨（4〜18%・7〜27%）と結果の節（約5〜18%・18〜27%）で値が少しずれる。米国の学部生、4分の会話後の好意。相性の上限は要旨1.30%・表2は1.34%（facts-2）
S17,第3章：言った好みと実際に惹かれた相手のずれ,163人。言った好み：見た目 男8.04・女7.18、稼ぐ力 男6.91・女7.73（1〜9）。実際：見た目 r 男.43・女.46、稼ぐ力 男.19・女.16、男女差 r = .03。言った好みと会場での好みの相関72個のうち有意にプラス2個・マイナス1個,点・r,Sex differences in mate preferences revisited: Do people know what they initially desire in a romantic partner?,Eastwick & Finkel（JPSP 94(2) 245〜）,2008,要旨 p.245、表1、表2、本文 p.254付近,https://doi.org/10.1037/0022-3514.94.2.245,2026-10-07,台本で使わない（照合なし）,,元のid P17（research/）。原文で確認（PDF https://gwern.net/doc/sociology/2008-eastwick.pdf）。ページ番号は未確認。ノースウェスタン大学の学部生。P19・P20 の反対の証拠と一緒に出す
S18,第3章：見た目と稼ぐ力の効き方に男女差がない（メタ分析）,97の研究。実際の相手への評価に対し、見た目 r ≈ .40、稼ぐ力 r ≈ .10（男女とも）、男女差 r = .03,r,The predictive validity of ideal partner preferences: A review and meta-analysis,"Eastwick, Luchies, Finkel, Hunt（Psychological Bulletin 140(3) 623–665）",2014,要旨,https://doi.org/10.1037/a0032432,2026-10-07,台本で使わない（照合なし）,,元のid P18（research/）。要旨だけで確認（PubMed）。「独身者の好みは会った相手への惹かれ方を予測しない」は大学の紹介ページ・二次の要約。同じ号に反論のコメント2本（未読）
S19,第3章：反対の証拠（範囲を広げると男女差が出る）,候補に地位・見た目がとても低い人まで含めると、男性は見た目で、女性は地位でより選ぶ。紙の上の好みも実際の選択を予測,—,Mate preferences do predict attraction and choices in the early stages of mate selection,"Li, Yong, Tov, Sng, Fletcher, Valentine, Jiang, Balliet（JPSP 105(5) 757–776）",2013,要旨,https://doi.org/10.1037/a0033777,2026-10-07,台本で使わない（照合なし）,,元のid P19（research/）。要旨だけで確認（PubMed）。シンガポール経営大学など
S20,第3章：反対の証拠（5か月追うと好みはある程度表れる）と、好みのほうが相手に合わせて下がる,ドイツの独身者763人（18〜40歳）を5か月追跡。事前の好みはその後の恋人の特徴を予測（男女とも）。恋人が事前の好みに届かなかったとき、好みを下げる調整があった（上回ったときは一貫した調整なし）,—,Predictive validity and adjustment of ideal partner preferences across the transition into romantic relationships,"Gerlach, Arslan, Schultze, Reinhard, Penke（JPSP 116(2) 313–330）",2019,要旨,https://doi.org/10.1037/pspp0000170,2026-10-07,済（オーナー「照合すみ」）,2026-10-10,元のid P20（research/）。要旨だけで確認（PubMed）。事前登録あり。調整の結果は2026-10-07 要旨で確認（ゲッティンゲン大学の論文ページ https://publications.goettingen-research-online.de/ID-12430）。下位集団の分析
S21,吊り橋効果の元の研究（どこまで言えるか）,吊り橋で番号を受け取った18人中9人が電話、頑丈な橋は16人中2人。調査員が男性なら差なし,人,Some evidence for heightened sexual attraction under conditions of high anxiety,Dutton & Aron（JPSP 30(4) 510–517）,1974,要旨（人数は本文未確認）,https://doi.org/10.1037/h0037031,2026-10-07,台本で使わない（照合なし）,,元のid P21（research/）。結果の向きは要旨で確認（OpenAlex）。9人・2人は二次資料（Normal Curves の解説 https://www.normalcurves.com/scary-bridge-study-can-fear-make-you-horny/）のみで未確認。無作為でない等の批判あり
S22,吊り橋効果のメタ分析,興奮の原因がはっきりしていても魅力の判断に影響、あいまいなほど強い。魅力的な相手で再現、魅力的でない相手では逆,—,Arousal and attraction: Evidence for automatic and controlled processes,"Foster, Witcher, Campbell, Green（JPSP 74(1) 86–101）",1998,要旨,https://doi.org/10.1037/0022-3514.74.1.86,2026-10-07,台本で使わない（照合なし）,,元のid P22（research/）。要旨だけで確認（OpenAlex）。魅力的でない相手で逆、は P28 の総説 p.13 の記述。効果量 d = .27 は未確認
S23,吊り橋効果の限界（恋人と乗ると何も起きない）,遊園地の300人（男165・女135）。恋人でない人と乗ると降りた直後に写真の異性を魅力的と評価。恋人と乗った人では差なし,人,Love at first fright: Partner salience moderates roller-coaster-induced excitation transfer,Meston & Frohlich（Archives of Sexual Behavior 32(6) 537–544）,2003,要旨,https://doi.org/10.1023/A:1026037527455,2026-10-07,台本で使わない（照合なし）,,元のid P23（research/）。要旨だけで確認（PubMed）。米国テキサス州
S24,見た目の力（コンピューター・ダンス）,無作為に組ませたダンスで、相手を好きか・また会いたいか・誘ったかを一番決めたのは相手の見た目の魅力だけ。性格検査や学力は相性を予測せず,—,Importance of physical attractiveness in dating behavior,"Walster, Aronson, Abrahams, Rottman（JPSP 4(5) 508–516）",1966,要旨,https://doi.org/10.1037/h0021188,2026-10-07,台本で使わない（照合なし）,,元のid P24（research/）。要旨だけで確認（OpenAlex）。752人・ミネソタ大学は二次資料のみ
S25,愛の3成分（親密さ・情熱・決意／関与）,理論。3成分の強さで愛の量、比で種類が決まる,—,A triangular theory of love,Robert J. Sternberg（Psychological Review 93(2) 119–135）,1986,要旨,https://doi.org/10.1037/0033-295X.93.2.119,2026-10-07,台本で使わない（照合なし）,,元のid P25（research/）。要旨だけで確認（OpenAlex）。データの研究ではなく理論
S26,情熱的な愛を測る尺度,情熱的愛の尺度（PLS）を作り、信頼性・妥当性を示した,—,Measuring passionate love in intimate relationships,Hatfield & Sprecher（Journal of Adolescence 9(4) 383–410）,1986,要旨,https://doi.org/10.1016/S0140-1971(86)80043-4,2026-10-07,台本で使わない（照合なし）,,元のid P26（research/）。要旨だけで確認（OpenAlex）。項目数（30・短縮15）は未確認
S27,P11 の相関の値の出典（著者自身の総説）,恋愛：二者間 .14・一般 −.41。恋愛でない初対面：二者間 .32・一般 .43。男女差なし、見た目を差し引いても残る,r,Speed-dating,Finkel & Eastwick（Current Directions in Psychological Science）,2008,本文 p.6、図1 p.15（投稿稿の頁）,https://faculty.wcas.northwestern.edu/eli-finkel/documents/CDir_FinkelEastwick_FINAL.pdf,2026-10-07,台本で使わない（照合なし）,,元のid P27（research/）。原文で確認（著者公開の投稿稿）。巻号頁は未確認
S28,二次資料の総説（Festinger・Curtis & Miller・Foster の補足）,Festinger：隣は2つ隣より約2倍。Foster：魅力的でない相手では逆。Moreland & Beach：40回中0・5・10・15回,—,Attraction and rejection（Advanced Social Psychology の章）,Finkel & Baumeister（Oxford University Press）,2010,p.9〜10、p.13、p.18〜19（著者公開稿の頁）,https://faculty.wcas.northwestern.edu/eli-finkel/documents/57_FinkelBaumeister_AttractionRejection_AdvancedSocialPsychology.pdf,2026-10-07,台本で使わない（照合なし）,,元のid P28（research/）。原文で確認（著者公開稿）。出版年 2010 は未確認。ほかの研究の要約なので、元の研究の数値の確認には使わない
S29,脳：恋の初期に報酬系（VTA・尾状核）が働く。恋の期間で働く部位が変わる,17人（女性10・男性7）、18〜26歳、恋の期間1〜17か月（平均7.4か月）。右VTA・右尾状核が恋人の写真で活動。期間と相関：島中部・前後帯状皮質・脳梁膨大後部皮質（8〜17か月と1〜7か月で違って見える）。男女差なし,人・か月,"Reward, motivation, and emotion systems associated with early-stage intense romantic love","Aron A, Fisher H, Mashek DJ, Strong G, Li H, Brown LL（J Neurophysiol 94）",2005,p.327（要旨）、p.328（参加者）、p.331・334（期間）,https://doi.org/10.1152/jn.00838.2004,2026-10-07,済（オーナー「照合すみ」）,2026-10-10,元のid B1（research/）。原文で確認（アルバート・アインシュタイン医科大学の公開PDF）。米国NY周辺の若者のみ。期間の結果は横断で、著者が「長く恋を続ける人の種類の違いかも」と注意
S30,脳：中国でも同じ報酬系（追試）,北京の18人。同じ手順でVTA・尾状核が活動。ある部位の活動が18か月後の関係の幸福度と関連,人,Reward and motivation systems: a brain mapping study of early-stage intense romantic love in Chinese participants,"Xu X, Aron A, Brown L, Cao G, Feng T, Weng X（Hum Brain Mapp 32）",2011,pp.249–257（要旨）,https://doi.org/10.1002/hbm.21017,2026-10-07,台本で使わない（照合なし）,,元のid B2（research/）。要旨だけで確認。日本の追試は見つけていない
S31,脳：振られても報酬系は動く。渇望の部位,最近振られた15人（女性10・男性5）。振った相手の写真でVTA（左右）・腹側線条体・眼窩前頭皮質・帯状回が活動。幸せな恋の人と同じくVTAが活動,人,"Reward, addiction, and emotion regulation systems associated with rejection in love","Fisher HE, Brown LL, Aron A, Strong G, Mashek D（J Neurophysiol 104）",2010,pp.51–60（要旨）,https://doi.org/10.1152/jn.00784.2009,2026-10-07,台本で使わない（照合なし）,,元のid B3（research/）。要旨だけで確認。振られてからの日数などの細部は未確認。依存症と同じとは言っていない
S32,脳：恋人の写真で扁桃体・前頭前野などの働きが下がる,17人（女性11）、21〜37歳、11か国の出身、付き合い平均2.4年。活動：島中部・前帯状皮質・尾状核・被殻。低下：後帯状回・扁桃体・右前頭前野・頭頂・側頭,人・年,The neural basis of romantic love,"Bartels A, Zeki S（NeuroReport 11）",2000,pp.3829–3834,https://doi.org/10.1097/00001756-200011270-00046,2026-10-07,済（オーナー「照合すみ」）,2026-10-10,元のid B4（research/）。要旨で確認。人数の内訳・年齢・国の数・付き合いの長さは大学教員の本文転載ページ（faculty.uca.edu）で確認、出版社の原文は未確認
S33,脳：恋も母の愛も、批判的な評価・否定的感情の部位を下げ報酬系で結ぶ（押し引き）,母親が自分の子などの写真を見たfMRIと2000年の恋の結果を比較。共通して否定的感情・社会的判断・心の読み取りの部位が低下、報酬系（オキシトシン・バソプレシン受容体の多い場所）が活動,—,The neural correlates of maternal and romantic love,"Bartels A, Zeki S（NeuroImage 21）",2004,pp.1155–1166（要旨）,https://doi.org/10.1016/j.neuroimage.2003.11.003,2026-10-07,済（オーナー「照合すみ」）,2026-10-10,元のid B5（research/）。要旨だけで確認。母親20人という人数は二次資料のみで未確認。判断の誤りを行動で測ってはいない
S34,脳：20年以上連れ添っても強く恋している人の報酬系,17人（女性10・男性7）、39〜67歳（平均52.85）、結婚10〜29年（平均21.4年）。VTA・背側線条体が活動、愛着の部位も活動。応募者の約4割が条件外で除外,人・年・%,Neural correlates of long-term intense romantic love,"Acevedo BP, Aron A, Fisher HE, Brown LL（Soc Cogn Affect Neurosci 7）",2012,pp.145–159（要旨・方法）,https://doi.org/10.1093/scan/nsq092,2026-10-07,台本で使わない（照合なし）,,元のid B6（research/）。要旨と出版社の全文（方法・限界）で確認。NY都市圏で「今もぞっこんか」と募集した選ばれた人。高めの世帯収入・異性愛者のみ
S35,恋は必ず冷めるか：結婚10年以上の4割が「とても強く恋している」,米国の無作為電話調査の既婚274人。結婚10年以上の40%が「とても強く恋している」（7段階の最高）。相手を良く考える・新しく挑戦的なことを一緒にする・愛情表現・性交・幸福と関連,人・%,"Is long-term love more than a rare phenomenon? If so, what are its correlates?","O'Leary KD, Acevedo BP, Aron A, Huddy L, Mashek D（Soc Psychol Personal Sci 3(2)）",2012,pp.241–249（要旨）,https://doi.org/10.1177/1948550611417015,2026-10-07,台本で使わない（照合なし）,,元のid B7（research/）。要旨だけで確認（ストーニーブルック大学の書誌ページ）。自己申告・米国のみ・相関（因果ではない）。10年以上の人数の内訳は未確認
S36,脳：恋の初期のセロトニン運搬体が強迫性障害の人と同じくらい低い,恋の初期（6か月以内）20人・未服薬のOCD 20人・対照20人。血小板のセロトニン運搬体の密度が、恋の人とOCDで対照より有意に低く、両者に差なし,人,Alteration of the platelet serotonin transporter in romantic love,"Marazziti D, Akiskal HS, Rossi A, Cassano GB（Psychol Med 29）",1999,pp.741–745（要旨）,https://doi.org/10.1017/s0033291798007946,2026-10-07,台本で使わない（照合なし）,,元のid B8（research/）。要旨だけで確認。血小板で測定（脳の中ではない）。大きな追試・回復の追跡は未確認
S37,恋と依存の脳の重なりと違い（メタ分析）,恋のfMRI 21本・依存症28本。前帯状皮質は共通と違いの両方。腹内側前頭前野は恋で、後帯状皮質は依存でよく活動,本,Joyful growth vs. compulsive hedonism: A meta-analysis of brain activation on romantic love and addictive disorders,"Yang Y, Wang C, Shi J, Zou Z（Neuropsychologia 204）",2024,109003（要旨）,https://doi.org/10.1016/j.neuropsychologia.2024.109003,2026-10-07,台本で使わない（照合なし）,,元のid B9（research/）。要旨だけで確認
S38,性欲・恋愛（惹かれ）・愛着の3つの系（仮説の枠組み）,性欲＝エストロゲン・アンドロゲン、惹かれ＝カテコールアミン、愛着＝オキシトシン・バソプレシン。ヒトでは3つが独立し結びつき方に幅,—,"Lust, attraction, and attachment in mammalian reproduction",Fisher HE（Human Nature 9）,1998,pp.23–52（要旨）,https://doi.org/10.1007/s12110-998-1010-5,2026-10-07,台本で使わない（照合なし）,,元のid B10（research/）。要旨だけで確認。理論の提案（総説）で検証された法則ではない
S39,恋は「自然な依存」か（主張と、依存症に分類されていないこと）,恋の初期は多幸感・渇望・耐性・依存・離脱・ぶり返しを示すと主張。一方「研究者は恋を依存症に分類してこなかった」と著者自身が明記,—,"Intense, Passionate, Romantic Love: A Natural Addiction? How the Fields That Investigate Romance and Substance Abuse Can Inform Each Other","Fisher HE, Xu X, Aron A, Brown LL（Front Psychol 7）",2016,687（要旨）,https://doi.org/10.3389/fpsyg.2016.00687,2026-10-07,台本で使わない（照合なし）,,元のid B11（research/）。要旨だけで確認。総説で新しいデータではない
S40,恋愛依存の狭い見方と広い見方,狭い見方＝極端で有害な恋だけが依存。広い見方＝ふつうの愛着も依存と同じ連続の上。治療は害と幸福で判断すべき,—,Addicted to love: What is love addiction and when should it be treated?,"Earp BD, Wudarczyk OA, Foddy B, Savulescu J（Philos Psychiatr Psychol 24）",2017,pp.77–92（要旨）,https://doi.org/10.1353/ppp.2017.0011,2026-10-07,台本で使わない（照合なし）,,元のid B12（research/）。要旨だけで確認
S41,進化：37の文化で男女が相手に求めるもの。男女とも優しさ・知性が上。日本の値,"33か国37標本10,047人。経済力を女性が重視36/37、容姿を男性が重視34/37、年齢は37/37（男性−2.66歳・女性＋3.42歳、実際の差2.99歳）。全標本で男女とも「優しく理解がある」「知的」を経済力・魅力より上に順位。日本259人（男106・女153、平均約20歳）：経済力 男0.92・女2.29（t=−15.97）、容姿 男1.50・女1.09、望む年齢差 男−2.37・女＋3.05、実際2.92",人・点（0〜3）・歳,Sex differences in human mate preferences: Evolutionary hypotheses tested in 37 cultures,Buss DM（Behavioral and Brain Sciences 12）,1989,表1 p.4、表2 p.6、表3 p.7、表4 p.8、本文 p.9、表5 p.10、結論 p.12–13,https://labs.la.utexas.edu/buss/files/2015/10/buss-1989-sex-differences-in-human-mate-preferences.pdf,2026-10-07,台本で使わない（照合なし）,,元のid B13（research/）。原文で確認（著者研究室のスキャンPDFを画像で読んだ）。多くは大学生の便利な標本で代表ではない。日本の優しさ・知性の順位の値は論文に出ておらず未確認。日本女性の経済力2.29は37標本中4位、男女差のtは2位（調べ役が表から数えた）。doi:10.1017/S0140525X00023992
S42,進化：45か国の追試。男女差は再現、男女とも優しさ・知性・健康が経済力・容姿より上,"2016年、45か国14,399人（女性7,909）。経済力 女5.48・男5.11（b=−0.30）、容姿 男5.85・女5.56（b=0.27）。優しさ 女6.23・男6.12、知性 女6.03・男5.92、健康 女6.10・男6.00（1〜7）。男女平等の国ほど相手の年齢が近い",人・点（1〜7）,Sex Differences in Mate Preferences Across 45 Countries: A Large-Scale Replication,"Walter KV, Conroy-Beam D, Buss DM ほか（Psychological Science 31）",2020,pp.408–423。受理稿 p.12（参加者）、p.13–14（尺度）、p.19–21（結果）,https://doi.org/10.1177/0956797620904154,2026-10-07,台本で使わない（照合なし）,,元のid B14（research/）。原文で確認（ISCTE リスボン大学の機関リポジトリの受理稿 https://repositorio.iscte-iul.pt/handle/10071/28991）。日本は本文・所属に出てこず参加国でない可能性が高いが、図の国名は未確認。事前登録あり
S43,汗のTシャツの実験（有名だが追試で揃わない話の出発点）,MHCが違う男性の体臭を女性がより心地よいと評価。ピル服用者では逆,—,MHC-dependent mate preferences in humans,"Wedekind C, Seebeck T, Bettens F, Paepke AJ（Proc R Soc B 260）",1995,pp.245–249（要旨）,https://doi.org/10.1098/rspb.1995.0087,2026-10-07,台本で使わない（照合なし）,,元のid B15（research/）。要旨だけで確認。女性49・男性44という人数は二次資料のみで未確認
S44,MHCで相手を選ぶ説のメタ分析：違う相手を選ぶ傾向は見られず、効果はごく小さい,30研究・58効果量（人と霊長類7種）。人ではMHCの多様な相手を好む傾向は有意。違う相手を選ぶ傾向はなし（Zr=0.044）、多様さZr=0.153,研究数・効果量,Patterns of MHC-dependent mate selection in humans and nonhuman primates: a meta-analysis,"Winternitz J, Abbate JL, Huchard E, Havlíček J, Garamszegi LZ（Mol Ecol 26）",2017,pp.668–688（要旨）,https://doi.org/10.1111/mec.13920,2026-10-07,台本で使わない（照合なし）,,元のid B16（research/）。要旨だけで確認
S45,男性はHLAの違う女性の体臭を好まない（追試の積み上げ）,男性は体臭の好き嫌いを区別できたが、HLAの違い・多様さ・珍しさとは無関係（2017）。2018年の続報も同じ結論,—,Men's preferences for women's body odours are not associated with human leucocyte antigen ／ Accumulating evidence suggests that men do not find body odours of human leucocyte antigen-dissimilar women more attractive,Probst F ほか（Proc R Soc B 284）／Lobmaier JS ほか（Proc R Soc B 285）,2017,20171830 ／ 20180566（要旨）,https://doi.org/10.1098/rspb.2017.1830,2026-10-07,台本で使わない（照合なし）,,元のid B17（research/）。要旨だけで確認。2018年版は https://doi.org/10.1098/rspb.2018.0566（要旨なし、題のみ確認）。人数は未確認
S46,排卵周期で好みが変わる説：大規模な追試で支持されず,Jones 2018：584人の縦断、顔の男らしさの好みとホルモンの変化に説得力のある関係なし。Gildersleeve 2014：50研究134効果のメタ分析は支持。Stern 2021：257人×4回、好みが変わる頑健な証拠なし,人,No Compelling Evidence that Preferences for Facial Masculinity Track Changes in Women's Hormonal Status（ほか2本）,Jones BC ほか（Psychological Science 29）／Gildersleeve K ほか（Psychol Bull 140）／Stern J ほか（Horm Behav 128）,2018,Jones pp.996–1005、Gildersleeve pp.1205–1259、Stern 104916（いずれも要旨）,https://doi.org/10.1177/0956797618760197,2026-10-07,台本で使わない（照合なし）,,元のid B18（research/）。要旨だけで確認。Gildersleeve は https://doi.org/10.1037/a0035438、Stern は https://doi.org/10.1016/j.yhbeh.2020.104916。Wood ほか2014の反対のメタ分析は未確認
S47,オキシトシンで信頼が増える説は再現が弱い,鼻から吸うオキシトシンで信頼が増えるという最も有名な結果は追試で再現が弱い。血中濃度の測定に問題。遺伝子研究でも一貫せず,—,Does Oxytocin Increase Trust in Humans? A Critical Review of Research,"Nave G, Camerer C, McCullough M（Perspect Psychol Sci 10）",2015,pp.772–789（要旨）,https://doi.org/10.1177/1745691615600138,2026-10-07,台本で使わない（照合なし）,,元のid B19（research/）。要旨だけで確認。信頼の研究で、恋愛そのものを測ったものではない
S48,オキシトシン受容体がなくてもハタネズミは絆を作る,CRISPRで受容体のない3系統。それでも相手を見知らぬ異性より好み、出産・子育ても可能,系統,Oxytocin receptor is not required for social attachment in prairie voles,Berendzen KM ほか（Neuron 111）,2023,pp.787–796.e4（要旨）,https://doi.org/10.1016/j.neuron.2022.12.011,2026-10-07,台本で使わない（照合なし）,,元のid B20（research/）。要旨だけで確認。動物の研究で人の話ではない
S49,人類学：166の文化の約9割に恋愛の証拠（恋は西洋の発明ではない）,166文化（標準異文化標本）のうち88.5%で恋愛の証拠（147/166とされる）,文化・%,A Cross-Cultural Perspective on Romantic Love,"Jankowiak WR, Fischer EF（Ethnology 31(2)）",1992,pp.149–155,https://doi.org/10.2307/3773618,2026-10-07,台本で使わない（照合なし）,,元のid B21（research/）。88.5%と「恋愛がヨーロッパ・アメリカに独特という仮説を否定」はHRAF（イェール大学）の要約で確認（https://hraf.yale.edu/hypotheses/1919、https://hraf.yale.edu/documents/661）。147という数・証拠の5つの基準・19文化の説明は原文未読で未確認
S50,恋愛はほぼすべての社会にあり、つがいの絆とともに進化した（総説）,—,—,Proximate and Ultimate Perspectives on Romantic Love,"Bode A, Kushnick G（Front Psychol 12）",2021,573123（要旨）,https://doi.org/10.3389/fpsyg.2021.573123,2026-10-07,台本で使わない（照合なし）,,元のid B22（research/）。要旨だけで確認。新しいデータではない
S51,学問が「好き」をどこまで説明できるか（Becker本人の線引き）,「ある人がなぜ別の人を愛するのかについて付け加えることはない」と明記し、愛は家庭の生産物・相手を思いやる効用として扱う,—,A Theory of Marriage: Part II,Gary S. Becker（Journal of Political Economy 82(2) Part II）,1974,"2節 Love, Caring, and Marriage p.S12",https://www.nber.org/chapters/c3681.pdf,2026-10-07,済（オーナー「照合すみ」）,2026-10-10,"元のid H1（research/）。原文で確認（NBERのPDF）。Part I（JPE 81(4) 813–846, 1973）では愛を無視したと本人が書く。Part I 本文は未読"
S52,愛があると組み合わせが変わる（Becker）,愛と思いやりは、その2人が最適な組み合わせで結婚する確率を上げる（下げない）。数値例で、愛がなければ別の相手と組む2人が組み替わる,—,A Theory of Marriage: Part II,Gary S. Becker,1974,p.S15,https://www.nber.org/chapters/c3681.pdf,2026-10-07,台本で使わない（照合なし）,,元のid H2（research/）。原文で確認。理論上の結論で、実証ではない
S53,安定結婚の定理・申し込む側が得をする,安定な組み合わせは必ず存在する（定理1）。男が申し込めば男に最適、女が申し込めば女に最適,—,College Admissions and the Stability of Marriage,"D. Gale, L. S. Shapley（American Mathematical Monthly 69(1) 9–15）",1962,定理1 p.12、最適性 p.13,https://www.math.utoronto.ca/mccann/assignments/477/GaleShapley62.pdf,2026-10-07,台本で使わない（照合なし）,,元のid H3（research/）。原文で確認（大学の授業用に置かれたPDF）。好み（順位表）は所与で、好みの由来は扱わない。2012年ノーベル賞（Shapley・Roth）は二次資料
S54,出会いサイトの好みから組み合わせを予測（似た者どうしは好みだけで生まれる）,"男性3,004人・女性2,783人（ボストン・サンディエゴ、2003年の3か月半）。Gale-Shapleyで予測した組は実際の組とよく似てほぼ効率的。似た者どうしの傾向も再現（一部は過小予測）",人,Matching and Sorting in Online Dating,"Hitsch, Hortaçsu, Ariely（American Economic Review 100(1) 130–163）",2010,要旨 p.130、標本 p.137,https://dukespace.lib.duke.edu/server/api/core/bitstreams/52e2e703-3736-4e0b-a1db-5e0282062f9d/content,2026-10-07,台本で使わない（照合なし）,,元のid H4（research/）。原文で確認（Dukeのリポジトリ）。米国の1サイト。「マッチ」は電話番号・メールの交換などで定義し、結婚は見ていない。口で言う条件と実際の選択のずれは主題でない（未確認）
S55,出会いサイトで最初のメールに返事が来ない割合,男性71%・女性56%,%,Matching and Sorting in Online Dating,"Hitsch, Hortaçsu, Ariely",2010,p.141,https://dukespace.lib.duke.edu/server/api/core/bitstreams/52e2e703-3736-4e0b-a1db-5e0282062f9d/content,2026-10-07,台本で使わない（照合なし）,,元のid H5（research/）。原文で確認。2003年の米国の1サイト。日本の値ではない
S56,「37%の法則」の出どころと条件,最初の約37%（1/e≒0.368）を見送り、その後それまでで一番の人を選ぶ。一番を選べる確率も約37%。条件6つ（枠1つ・人数が既知・順番ランダム・順位だけで比べる・戻れない・一番以外は失敗）。初出はGardnerのScientific American 1960年2月号,%,Who Solved the Secretary Problem?,Thomas S. Ferguson（Statistical Science 4(3) 282–296）,1989,2節 p.282–283、3節 p.283,https://www.or.mist.i.u-tokyo.ac.jp/takeda/FreshmanCourse/Ferguson.pdf,2026-10-07,台本で使わない（照合なし）,,元のid H6（research/）。原文で確認（大学の授業用に置かれたPDF）。恋愛に当てはめると条件の多くが崩れる（相手も選ぶ・人数不明・戻れることもある）
S57,37%規則は恋愛には非現実的、簡単な規則でも十分（言い過ぎの歯止め）,十数人を見てから基準を決める等の簡単な規則でもよい相手を得られる（シミュレーション）,—,From Pride and Prejudice to Persuasion: Satisficing in Mate Search,"Peter M. Todd, Geoffrey F. Miller（Simple Heuristics That Make Us Smart, Oxford University Press）",1999,未確認,https://abcwest.cogs.indiana.edu/pmwiki/pdf/todd.frompride.1999.pdf,2026-10-07,台本で使わない（照合なし）,,元のid H7（research/）。二次資料で確認（JASSS 17(1)12 の紹介、検索結果）。原文PDFは取得できず（404）。「1ダースで上位10%」の数値は未確認なので使わない
S58,冒頭の物語の候補：ケプラーの再婚相手探し,1611年に妻を亡くし、11人の候補をほぼ2年かけて調べた。5番目に惹かれたが友人の説得で4番目に申し込み断られ、5番目と結婚。1613年10月23日付のシュトラーレンドルフ男爵への手紙。最初の結婚は周りがまとめたもので、今度は自分で決めるつもりだった。候補ごとに持参金・親との交渉・友人の助言を確かめた（research/humanities-japan.md、Ferguson p.284〜285）。手紙は「ある男爵」あて,人・年,Who Solved the Secretary Problem?（5節 Kepler's Problem）,Thomas S. Ferguson,1989,5節 p.284–285,https://www.or.mist.i.u-tokyo.ac.jp/takeda/FreshmanCourse/Ferguson.pdf,2026-10-07,済（オーナー「照合すみ」）,2026-10-10,元のid H8（research/）。原文（Ferguson）で確認。Fergusonの元はKoestler(1960)・Baumgardt(1951)の伝記。最初の妻の死因（Fergusonはcholera）と5番目の女性の名は未確認なので台本で言わない
S59,社会学：愛はコミュニケーションのコード（ルーマン）,愛は感情ではなく、真理・お金・権力と並ぶ象徴的に一般化されたコミュニケーション・メディア。17世紀以降のヨーロッパでそのコードがどう作られたかを追う,—,Liebe als Passion: Zur Codierung von Intimität（英訳 Love as Passion 1986）,Niklas Luhmann（Suhrkamp）,1982,未確認,https://www.librarything.com/work/570713,2026-10-07,台本で使わない（照合なし）,,元のid H9（research/）。二次資料で確認（書誌と紹介）。邦訳『情熱としての愛』の訳者・出版社・年は未確認
S60,社会学：純粋な関係・コンフルエント・ラブ（ギデンズ）,純粋な関係＝それ自体のために結ばれ、双方が十分な満足を得ていると思う限りで続く関係。コンフルエント・ラブは能動的で条件つきの愛で「永遠に」「ただ1人の」と相容れない,—,The Transformation of Intimacy,Anthony Giddens（Polity / Stanford University Press）,1992,未確認（一般に p.58・p.61 と引かれる）,https://www.tutor2u.net/sociology/topics/confluent-love,2026-10-07,台本で使わない（照合なし）,,元のid H10（research/）。二次資料で確認（英文の引用は複数の二次資料で一致）。原本は未読
S61,社会学：恋愛の苦しさは選択の構造の変化（イルーズ）,恋愛の経験は、選択の生態・構造（相手の母数、評価のしかた、選択と自律の重さ、ネットの出会い）の変化によって形づくられる。先行書で恋愛と消費の結びつきを論じた,—,Why Love Hurts: A Sociological Explanation（先行書 Consuming the Romantic Utopia 1997）,Eva Illouz（Polity / University of California Press）,2012,未確認,https://monoskop.org/log/?p=8518,2026-10-07,台本で使わない（照合なし）,,元のid H11（research/）。二次資料で確認（書評・紹介）
S62,哲学：アリストパネスの片割れの話,人は割符の片割れで、全体への欲求と追求が恋と呼ばれる。もとは男男・女女・男女の3種類,—,Symposium（饗宴）,"Plato（Fowler訳 1925, Perseus Digital Library）",前4世紀,189c–193d（割符 191d、定義 192e–193a）,https://www.perseus.tufts.edu/hopper/text?doc=Perseus%3Atext%3A1999.01.0174%3Atext%3DSym.%3Asection%3D191d,2026-10-07,台本で使わない（照合なし）,,元のid H12（research/）。原文（英訳）で箇所を確認。英訳の逐語引用はしていない。日本語訳で引くときは訳者を書く
S63,哲学：ディオティマの美のはしご,1人の美しい体→すべての体の美→魂の美→ふるまい・法→知識→美そのもの,—,Symposium（饗宴）,"Plato（Fowler訳, Perseus）",前4世紀,ディオティマ 201d–212a、はしご 210a–211c,https://www.perseus.tufts.edu/hopper/text?doc=Perseus%3Atext%3A1999.01.0174%3Atext%3DSym.%3Asection%3D210a,2026-10-07,台本で使わない（照合なし）,,元のid H13（research/）。原文（英訳）で箇所を確認
S64,哲学：「彼だったから、私だったから」（友情の話であることも）,Par ce que c'estoit luy ; par ce que c'estoit moy. 相手は友人ラ・ボエシ。同じ章で女性への愛は「向こう見ずで移り気な火」、結婚は「入口だけが自由な取引」と友情と区別,—,Essais 第1巻第28章 De l'amitié（友情について）,Michel de Montaigne,1580（この一文は1588年版への手書きの書き足し）,第1巻第28章。ボルドー本 fol. 71v,https://fr.wikisource.org/wiki/Essais/Livre_I/Chapitre_28,2026-10-07,台本で使わない（照合なし）,,元のid H14（research/）。原文（Wikisource）で確認。手書きの書き足し（fol. 71v）は英語版Wikipedia「Bordeaux copy」で確認＝二次資料。「私だったから」を後から別のインクで足したという話は未確認
S65,哲学：愛するから価値が生まれる（フランクファート）,愛する対象は、愛するからこそ私たちにとって価値を持つ（価値を認めたから愛するとは限らない）,—,The Reasons of Love,Harry G. Frankfurt（Princeton University Press）,2004,書評の引用で p.43（ほか p.23・p.56）,https://ndpr.nd.edu/news/the-reasons-of-love/,2026-10-07,済（オーナー「照合すみ」）,2026-10-10,元のid H15（research/）。二次資料で確認（Notre Dame Philosophical Reviews、Philip L. Quinn の書評 2004-03-12）。原本は未読
S66,哲学：理由で愛すると性質を愛していることになる（代替可能性）,人は決して人そのものを愛さず、性質だけを愛している（天然痘で美しさが消えれば愛さなくなる）,—,Pensées（パンセ）「自我とは何か」,Blaise Pascal,1670（死後出版）,ラフュマ版688,https://pedagogie.ac-rennes.fr/sites/pedagogie.ac-rennes.fr/IMG/pdf/un_abime_sans_fond_le_moi_et_ses_qualites_article_sur_pascal-2.pdf,2026-10-07,台本で使わない（照合なし）,,元のid H16（research/）。二次資料で確認（検索結果の解説）。断章番号のブランシュヴィック版323は未確認
S67,哲学：乗り換え（trading up）への答え（ノージック）,乗り換える気があることは、自分が一体化した「私たち」を壊すこと＝自分を壊すことになる,—,Love's Bond（The Examined Life 所収）,Robert Nozick（Simon & Schuster）,1989,p.78,https://plato.stanford.edu/entries/love/,2026-10-07,台本で使わない（照合なし）,,元のid H17（research/）。二次資料で確認（スタンフォード哲学百科「Love」Bennett Helm、2021-09-01改訂）
S68,文学：結晶作用（ザルツブルクの枝）,塩坑に投げ込んだ枯れ枝が2〜3か月で結晶に覆われ、もとの枝が分からなくなる。結晶作用＝目の前のすべてから愛する人の新しい美点を見つけ出す心の働き,—,De l'amour（恋愛論）,Stendhal,1822,第1巻第2章「恋の発生について」,https://actualitte.com/livres/3791/extraits/de-l-amour-stendhal-9782080700490,2026-10-07,済（オーナー「照合すみ」）,2026-10-10,元のid H18（research/）。二次資料2つで確認（出版社の抜粋、検索結果）。Wikisourceの章ページは404。塩坑訪問の年と経緯は未確認。本文の順序（感嘆→希望→恋の誕生→第1の結晶作用）は Project Gutenberg 60882（https://www.gutenberg.org/ebooks/60882）で確認（facts-1）
S69,文学：万葉集で恋を「孤悲」と書いた歌（自分で数えた数）,"「孤悲」を原文に含む歌28首（出現29回、巻17・4011に2回）。巻17に18首。例：巻1・67、巻4・560、巻17・3929。比較：「戀」638首、「古非」47首、「故非」18首、「古比」5首（全4,561首）",首,万葉集（原文・訓読・校異つき）,ウィキソース日本語版,—,全20巻の［原文］の行,https://ja.wikisource.org/wiki/%E4%B8%87%E8%91%89%E9%9B%86,2026-10-07,台本で使わない（照合なし）,,元のid H19（research/）。原文（ウィキソースの翻刻）でClaudeが数えた（2026-10-07）。底本は記載なし。版によって字が違う歌がありうる。一般向け解説の「29例」と一致。字に意味を込めたかは解釈
S70,文学：漱石「月が綺麗ですね」に典拠がないこと,1970年代に現れた都市伝説。漱石に結びつけた早い例は1977年の豊田有恒のSFエッセイ（『奇想天外』）、「月がきれいですねえ」の形は『言語生活』1987年4月号。漱石と無関係の似た話は1958年・1962年の本にある,—,日本語探偵（「月がきれい」の伝説／「月がきれい漱石説」源流は英語の文献らしい）,飯間浩明（文藝春秋）,2022-10-24、2024-06-09,—,https://bunshun.jp/bungeishunju/articles/h8108,2026-10-07,台本で使わない（照合なし）,,元のid H20（research/）。二次資料で確認（辞書編集者の調査記事。もう1本は https://bunshun.jp/bungeishunju/articles/h4717 ）。1977年の豊田有恒の件は検索結果の要約で、記事の本文では未確認。英語文献の名は未確認
S71,歴史：「恋愛」はLoveの翻訳語,かつてこの国に「恋愛」はなかった。「色」や「恋」と区別される“高尚なる感情”を指してLoveの翻訳語がつくられたのは、ほんの一世紀前,—,翻訳語成立事情（岩波新書 黄版189）,柳父章（岩波書店）,1982年4月,第5章「恋愛」（北村透谷と「恋愛」の宿命）,https://www.iwanami.co.jp/book/b267622.html,2026-10-07,台本で使わない（照合なし）,,元のid H21（research/）。出版社の紹介文と目次を原文で確認。本文（巌本善治の引用など）と頁は未読＝二次資料の要約のみ
S72,歴史：「恋愛」の語の出現,中国ではロプシャイト『英華字典』（1866–69）に既出。日本では明治初めからloveの訳語として「愛恋」「恋慕」などと並び、明治20年代から「恋愛」が優勢に。用例『西国立志編』（1870–71）,—,精選版 日本国語大辞典「恋愛」,小学館（コトバンク）,—,語誌・用例,https://kotobank.jp/word/%E6%81%8B%E6%84%9B,2026-10-07,台本で使わない（照合なし）,,元のid H22（research/）。二次資料（辞典）で確認。『西国立志編』原本は未確認
S73,歴史：北村透谷「恋愛は人世の秘鑰なり」,冒頭「恋愛は人世の秘鑰なり、恋愛ありて後人世あり」。後半「恋愛の始めは自らの意匠を愛する者にして、対手なる女性は仮物なれば」。主題は詩人の恋愛が結婚で失望に変わること,—,厭世詩家と女性,北村透谷（初出『女學雜誌』303号・305号）,1892（明治25）年2月6日・20日,青空文庫 図書カード45237（底本：現代日本文學大系6、筑摩書房）,https://www.aozora.gr.jp/cards/000157/files/45237_19755.html,2026-10-07,台本で使わない（照合なし）,,元のid H23（research/）。原文（青空文庫）で確認。「秘鑰」を「秘訣」「秘鎗」と書く誤記に注意
S74,歴史：透谷本人の恋愛結婚と死,石坂昌孝の娘で3歳上の石坂美那子と「明治期には異例の激しい恋」、1888年結婚。1894（明治27）年5月16日、25歳で自死,—,日本大百科全書（ニッポニカ）「北村透谷」,小学館（コトバンク）,—,—,https://kotobank.jp/word/%E5%8C%97%E6%9D%91%E9%80%8F%E8%B0%B7-50967,2026-10-07,台本で使わない（照合なし）,,元のid H24（research/）。二次資料（事典）で確認。木下尚江の「大砲」の回想は https://serai.jp/hobby/252284 の記事だけ（未確認）。自死は台本で扱いに注意
S75,日本：恋愛結婚が見合いを上回った時期と最新,1960〜64年 恋愛41.1・見合い49.8 → 1965〜69年 恋愛48.6・見合い44.9（逆転）。1930〜39年 恋愛13.4・見合い69.0。2020〜24年 恋愛71.4・見合い8.9・ネット18.6,%,第17回出生動向基本調査 結果の概要 図表5-2（結婚年次別、初婚どうし）,国立社会保障・人口問題研究所,第17回（2025年6月調査、2026-09-11公表）,図表5-2 p.58,https://www.ipss.go.jp/ps-doukou/j/db_17/17GaiyoBaseData/JNFS17gaiyoFigure5-2.csv,2026-10-07,台本で使わない（照合なし）,,元のid H25（research/）。CSVで確認（001回の data/ipss_jnfs17_fig5-2.csv と同じ）。見合い結婚＝見合い＋結婚相談所。ネットは第16回から別区分
S76,日本：夫婦が知り合ったきっかけ（最新と前回）,第17回（2025）：職場20.9・友人20.2・ネット20.2・学校14.0・相談所7.7・見合い1.1。第16回（2021）：職場25.6・友人24.9・学校13.8・ネット11.0・相談所6.7・見合い2.2,%,第17回出生動向基本調査 結果の概要 図表5-3（調査前5年に結婚した初婚どうし）,国立社会保障・人口問題研究所,第17回,図表5-3 p.59,https://www.ipss.go.jp/ps-doukou/j/db_17/17GaiyoBaseData/JNFS17gaiyoFigure5-3.csv,2026-10-07,済（オーナー「照合すみ」）,2026-10-10,元のid H26（research/）。CSVで確認。第17回の客体570組で、上位3つの差は数組（意味のある差とは言えない）
S77,日本：交際相手がいない・交際を望まない（18〜34歳の未婚者）,第17回：交際相手なし 男性74.0（望む32.8・望まない35.7・不詳5.5）・女性65.4（24.6・35.3・5.5）。第16回：男性72.1（31.5・33.5・7.1）・女性64.2（24.6・34.1・5.5）。1982年 男性36.8・女性30.1,%,第17回出生動向基本調査 結果の概要 図表2-2,国立社会保障・人口問題研究所,第17回,図表2-2 p.38,https://www.ipss.go.jp/ps-doukou/j/db_17/17GaiyoBaseData/JNFS17gaiyoFigure2-2.csv,2026-10-07,台本で使わない（照合なし）,,元のid H27（research/）。CSVで確認。交際相手＝異性の友人・恋人・婚約者。男性30〜34歳で望まない40.2
S78,日本：恋人・婚約者がいる割合（18〜34歳の未婚者）,男性19.6・女性27.8（2025）。男性30〜34歳11.6,%,第17回出生動向基本調査 結果の概要 図表2-1,国立社会保障・人口問題研究所,第17回,図表2-1（頁は未確認）,https://www.ipss.go.jp/ps-doukou/j/db_17/17GaiyoBaseData/JNFS17gaiyoFigure2-1.csv,2026-10-07,台本で使わない（照合なし）,,元のid H28（research/）。CSVで確認（Shift_JIS）
S79,日本：異性と恋人として交際した経験がない（18〜34歳の未婚者）,男性42.3・女性36.7（2025）。男性25〜29歳42.3・30〜34歳40.5,%,第17回出生動向基本調査 結果の概要 図表2-3,国立社会保障・人口問題研究所,第17回,図表2-3（頁は未確認）,https://www.ipss.go.jp/ps-doukou/j/db_17/17GaiyoBaseData/JNFS17gaiyoFigure2-3.csv,2026-10-07,台本で使わない（照合なし）,,元のid H29（research/）。CSVで確認（Shift_JIS）
S80,日本：結婚の利点に「愛情を感じている人と暮らせる」を選ぶ未婚者,男性15.9・女性17.5（2025）。1987年 男性17.5・女性23.3。女性は1992年23.9から低下。上位は「子どもや家族をもてる」27.0・31.6、「精神的な安らぎ」27.0・24.8,%,第17回出生動向基本調査 結果の概要 図表1-6,国立社会保障・人口問題研究所,第17回,図表1-6（頁は未確認）,https://www.ipss.go.jp/ps-doukou/j/db_17/17GaiyoBaseData/JNFS17gaiyoFigure1-6.csv,2026-10-07,台本で使わない（照合なし）,,元のid H30（research/）。CSVで確認（Shift_JIS）。いくつまで選べるかは未確認。分母は18〜34歳の未婚者全体
S81,日本：独身でいる理由「適当な相手にまだめぐり会わない」（25〜34歳）,男性39.2・女性39.9（2025、最多）。1992年 男性53.5・女性55.3。男性「異性とうまくつき合えない」18.2,%,第17回出生動向基本調査 結果の概要 図表1-10,国立社会保障・人口問題研究所,第17回,図表1-10（頁は未確認）,https://www.ipss.go.jp/ps-doukou/j/db_17/17GaiyoBaseData/JNFS17gaiyoFigure1-10.csv,2026-10-07,台本で使わない（照合なし）,,元のid H31（research/）。CSVで確認（Shift_JIS）。3つまで選ぶ設問（概要の注で未確認）
S82,日本：結婚相手に求める人柄・容姿,人柄を重視 男性78.7・女性87.3。容姿を重視 男性24.5・女性24.6（考慮を含め84.3・82.5）,%,第17回出生動向基本調査 結果の概要 図表3-3,国立社会保障・人口問題研究所,第17回,図表3-3（頁は未確認）,https://www.ipss.go.jp/ps-doukou/j/db_17/17GaiyoBaseData/JNFS17gaiyoFigure3-3.csv,2026-10-07,台本で使わない（照合なし）,,"元のid H32（research/）。CSVで確認（Shift_JIS）。対象は「いずれ結婚するつもり」の18〜34歳未婚者（男性1,259・女性1,388）"
S83,日本：20代で配偶者・恋人がいない,20代男性の約7割・女性の約5割が「配偶者、恋人はいない（未婚）」,割,男女共同参画白書 令和4年版 特集（元は令和3年度 人生100年時代における結婚・仕事・収入に関する調査、内閣府委託）,内閣府男女共同参画局,2022,特-35図（恋人・デートの人数は特-38図）,https://www.gender.go.jp/about_danjo/whitepaper/r04/zentai/html/honpen/b1_s00_02.html,2026-10-07,台本で使わない（照合なし）,,元のid H33（research/）。白書の本文で確認。特-38図の数値（「デート経験なし約4割」）は図だけで本文になく未確認。同じ白書に「恋愛結婚が結婚の9割近く」の記述
S84,言葉：キリシタンは amor を「御大切」と訳した,16世紀の宣教師は神の愛を「愛」でなく「御大切」と訳した。当時の「愛」に愛着・執着の響きがあったためと説明される,—,（解説記事・研究の要約）,—,—,未確認,https://www.toyo.ac.jp/assets/50b94f419dfdd45b7b71228bfd8ac071.pdf,2026-10-07,台本で使わない（照合なし）,,元のid H34（research/）。二次資料（検索結果の要約）。『どちりなきりしたん』の該当箇所と、挙げたPDFの本文は未確認。使うなら研究書で確かめ直す
