表,性別,年齢,区分,人数,値,単位
第14表 身長,男性,26-29歳,平均,54,171.3,cm
第14表 身長,男性,26-29歳,標準偏差,54,5.8,cm
第14表 身長,男性,20-29歳,平均,138,170.3,cm
第14表 身長,男性,20-29歳,標準偏差,138,6.3,cm
第14表 身長,男性,30-39歳,平均,192,171.5,cm
第14表 身長,男性,30-39歳,標準偏差,192,5.4,cm
第14表 身長,女性,26-29歳,平均,50,159.0,cm
第14表 身長,女性,26-29歳,標準偏差,50,4.9,cm
第14表 身長,女性,20-29歳,平均,124,157.6,cm
第14表 身長,女性,20-29歳,標準偏差,124,5.6,cm
第14表 身長,女性,30-39歳,平均,225,158.4,cm
第14表 身長,女性,30-39歳,標準偏差,225,5.7,cm
第73表 喫煙,男性,20-29歳,吸わない,209,78.5,%
第73表 喫煙,男性,20-29歳,以前は吸っていた,209,1.0,%
第73表 喫煙,男性,30-39歳,吸わない,298,65.4,%
第73表 喫煙,男性,30-39歳,以前は吸っていた,298,4.7,%
第73表 喫煙,女性,20-29歳,吸わない,193,93.8,%
第73表 喫煙,女性,20-29歳,以前は吸っていた,193,1.0,%
第73表 喫煙,女性,30-39歳,吸わない,309,86.1,%
第73表 喫煙,女性,30-39歳,以前は吸っていた,309,5.2,%
第17表の1 BMI,男性,20-39歳,18.5以上25未満,330,65.8,%
第17表の1 BMI,女性,20-39歳,18.5以上25未満,337,67.7,%
第17表の1 BMI,女性,20-39歳,18.5未満,337,20.2,%
第17表の1 BMI,女性,20-39歳,25以上,337,12.2,%
第17表の1 BMI,男性,20-39歳,18.5未満,330,7.0,%
第17表の1 BMI,男性,20-39歳,25以上,330,27.3,%
