B1,脳：恋の初期に報酬系（VTA・尾状核）が働く。恋の期間で働く部位が変わる,17人（女性10・男性7）、18〜26歳、恋の期間1〜17か月（平均7.4か月）。右VTA・右尾状核が恋人の写真で活動。期間と相関：島中部・前後帯状皮質・脳梁膨大後部皮質（8〜17か月と1〜7か月で違って見える）。男女差なし,人・か月,"Reward, motivation, and emotion systems associated with early-stage intense romantic love","Aron A, Fisher H, Mashek DJ, Strong G, Li H, Brown LL（J Neurophysiol 94）",2005,p.327（要旨）、p.328（参加者）、p.331・334（期間）,https://doi.org/10.1152/jn.00838.2004,2026-10-07,未,,原文で確認（アルバート・アインシュタイン医科大学の公開PDF）。米国NY周辺の若者のみ。期間の結果は横断で、著者が「長く恋を続ける人の種類の違いかも」と注意
B2,脳：中国でも同じ報酬系（追試）,北京の18人。同じ手順でVTA・尾状核が活動。ある部位の活動が18か月後の関係の幸福度と関連,人,Reward and motivation systems: a brain mapping study of early-stage intense romantic love in Chinese participants,"Xu X, Aron A, Brown L, Cao G, Feng T, Weng X（Hum Brain Mapp 32）",2011,pp.249–257（要旨）,https://doi.org/10.1002/hbm.21017,2026-10-07,未,,要旨だけで確認。日本の追試は見つけていない
B3,脳：振られても報酬系は動く。渇望の部位,最近振られた15人（女性10・男性5）。振った相手の写真でVTA（左右）・腹側線条体・眼窩前頭皮質・帯状回が活動。幸せな恋の人と同じくVTAが活動,人,"Reward, addiction, and emotion regulation systems associated with rejection in love","Fisher HE, Brown LL, Aron A, Strong G, Mashek D（J Neurophysiol 104）",2010,pp.51–60（要旨）,https://doi.org/10.1152/jn.00784.2009,2026-10-07,未,,要旨だけで確認。振られてからの日数などの細部は未確認。依存症と同じとは言っていない
B4,脳：恋人の写真で扁桃体・前頭前野などの働きが下がる,17人（女性11）、21〜37歳、11か国の出身、付き合い平均2.4年。活動：島中部・前帯状皮質・尾状核・被殻。低下：後帯状回・扁桃体・右前頭前野・頭頂・側頭,人・年,The neural basis of romantic love,"Bartels A, Zeki S（NeuroReport 11）",2000,pp.3829–3834,https://doi.org/10.1097/00001756-200011270-00046,2026-10-07,未,,要旨で確認。人数の内訳・年齢・国の数・付き合いの長さは大学教員の本文転載ページ（faculty.uca.edu）で確認、出版社の原文は未確認
B5,脳：恋も母の愛も、批判的な評価・否定的感情の部位を下げ報酬系で結ぶ（押し引き）,母親が自分の子などの写真を見たfMRIと2000年の恋の結果を比較。共通して否定的感情・社会的判断・心の読み取りの部位が低下、報酬系（オキシトシン・バソプレシン受容体の多い場所）が活動,—,The neural correlates of maternal and romantic love,"Bartels A, Zeki S（NeuroImage 21）",2004,pp.1155–1166（要旨）,https://doi.org/10.1016/j.neuroimage.2003.11.003,2026-10-07,未,,要旨だけで確認。母親20人という人数は二次資料のみで未確認。判断の誤りを行動で測ってはいない
B6,脳：20年以上連れ添っても強く恋している人の報酬系,17人（女性10・男性7）、39〜67歳（平均52.85）、結婚10〜29年（平均21.4年）。VTA・背側線条体が活動、愛着の部位も活動。応募者の約4割が条件外で除外,人・年・%,Neural correlates of long-term intense romantic love,"Acevedo BP, Aron A, Fisher HE, Brown LL（Soc Cogn Affect Neurosci 7）",2012,pp.145–159（要旨・方法）,https://doi.org/10.1093/scan/nsq092,2026-10-07,未,,要旨と出版社の全文（方法・限界）で確認。NY都市圏で「今もぞっこんか」と募集した選ばれた人。高めの世帯収入・異性愛者のみ
B7,恋は必ず冷めるか：結婚10年以上の4割が「とても強く恋している」,米国の無作為電話調査の既婚274人。結婚10年以上の40%が「とても強く恋している」（7段階の最高）。相手を良く考える・新しく挑戦的なことを一緒にする・愛情表現・性交・幸福と関連,人・%,"Is long-term love more than a rare phenomenon? If so, what are its correlates?","O'Leary KD, Acevedo BP, Aron A, Huddy L, Mashek D（Soc Psychol Personal Sci 3(2)）",2012,pp.241–249（要旨）,https://doi.org/10.1177/1948550611417015,2026-10-07,未,,要旨だけで確認（ストーニーブルック大学の書誌ページ）。自己申告・米国のみ・相関（因果ではない）。10年以上の人数の内訳は未確認
B8,脳：恋の初期のセロトニン運搬体が強迫性障害の人と同じくらい低い,恋の初期（6か月以内）20人・未服薬のOCD 20人・対照20人。血小板のセロトニン運搬体の密度が、恋の人とOCDで対照より有意に低く、両者に差なし,人,Alteration of the platelet serotonin transporter in romantic love,"Marazziti D, Akiskal HS, Rossi A, Cassano GB（Psychol Med 29）",1999,pp.741–745（要旨）,https://doi.org/10.1017/s0033291798007946,2026-10-07,未,,要旨だけで確認。血小板で測定（脳の中ではない）。大きな追試・回復の追跡は未確認
B9,恋と依存の脳の重なりと違い（メタ分析）,恋のfMRI 21本・依存症28本。前帯状皮質は共通と違いの両方。腹内側前頭前野は恋で、後帯状皮質は依存でよく活動,本,Joyful growth vs. compulsive hedonism: A meta-analysis of brain activation on romantic love and addictive disorders,"Yang Y, Wang C, Shi J, Zou Z（Neuropsychologia 204）",2024,109003（要旨）,https://doi.org/10.1016/j.neuropsychologia.2024.109003,2026-10-07,未,,要旨だけで確認
B10,性欲・恋愛（惹かれ）・愛着の3つの系（仮説の枠組み）,性欲＝エストロゲン・アンドロゲン、惹かれ＝カテコールアミン、愛着＝オキシトシン・バソプレシン。ヒトでは3つが独立し結びつき方に幅,—,"Lust, attraction, and attachment in mammalian reproduction",Fisher HE（Human Nature 9）,1998,pp.23–52（要旨）,https://doi.org/10.1007/s12110-998-1010-5,2026-10-07,未,,要旨だけで確認。理論の提案（総説）で検証された法則ではない
B11,恋は「自然な依存」か（主張と、依存症に分類されていないこと）,恋の初期は多幸感・渇望・耐性・依存・離脱・ぶり返しを示すと主張。一方「研究者は恋を依存症に分類してこなかった」と著者自身が明記,—,"Intense, Passionate, Romantic Love: A Natural Addiction? How the Fields That Investigate Romance and Substance Abuse Can Inform Each Other","Fisher HE, Xu X, Aron A, Brown LL（Front Psychol 7）",2016,687（要旨）,https://doi.org/10.3389/fpsyg.2016.00687,2026-10-07,未,,要旨だけで確認。総説で新しいデータではない
B12,恋愛依存の狭い見方と広い見方,狭い見方＝極端で有害な恋だけが依存。広い見方＝ふつうの愛着も依存と同じ連続の上。治療は害と幸福で判断すべき,—,Addicted to love: What is love addiction and when should it be treated?,"Earp BD, Wudarczyk OA, Foddy B, Savulescu J（Philos Psychiatr Psychol 24）",2017,pp.77–92（要旨）,https://doi.org/10.1353/ppp.2017.0011,2026-10-07,未,,要旨だけで確認
B13,進化：37の文化で男女が相手に求めるもの。男女とも優しさ・知性が上。日本の値,"33か国37標本10,047人。経済力を女性が重視36/37、容姿を男性が重視34/37、年齢は37/37（男性−2.66歳・女性＋3.42歳、実際の差2.99歳）。全標本で男女とも「優しく理解がある」「知的」を経済力・魅力より上に順位。日本259人（男106・女153、平均約20歳）：経済力 男0.92・女2.29（t=−15.97）、容姿 男1.50・女1.09、望む年齢差 男−2.37・女＋3.05、実際2.92",人・点（0〜3）・歳,Sex differences in human mate preferences: Evolutionary hypotheses tested in 37 cultures,Buss DM（Behavioral and Brain Sciences 12）,1989,表1 p.4、表2 p.6、表3 p.7、表4 p.8、本文 p.9、表5 p.10、結論 p.12–13,https://labs.la.utexas.edu/buss/files/2015/10/buss-1989-sex-differences-in-human-mate-preferences.pdf,2026-10-07,未,,原文で確認（著者研究室のスキャンPDFを画像で読んだ）。多くは大学生の便利な標本で代表ではない。日本の優しさ・知性の順位の値は論文に出ておらず未確認。日本女性の経済力2.29は37標本中4位、男女差のtは2位（調べ役が表から数えた）。doi:10.1017/S0140525X00023992
B14,進化：45か国の追試。男女差は再現、男女とも優しさ・知性・健康が経済力・容姿より上,"2016年、45か国14,399人（女性7,909）。経済力 女5.48・男5.11（b=−0.30）、容姿 男5.85・女5.56（b=0.27）。優しさ 女6.23・男6.12、知性 女6.03・男5.92、健康 女6.10・男6.00（1〜7）。男女平等の国ほど相手の年齢が近い",人・点（1〜7）,Sex Differences in Mate Preferences Across 45 Countries: A Large-Scale Replication,"Walter KV, Conroy-Beam D, Buss DM ほか（Psychological Science 31）",2020,pp.408–423。受理稿 p.12（参加者）、p.13–14（尺度）、p.19–21（結果）,https://doi.org/10.1177/0956797620904154,2026-10-07,未,,原文で確認（ISCTE リスボン大学の機関リポジトリの受理稿 https://repositorio.iscte-iul.pt/handle/10071/28991）。日本は本文・所属に出てこず参加国でない可能性が高いが、図の国名は未確認。事前登録あり
B15,汗のTシャツの実験（有名だが追試で揃わない話の出発点）,MHCが違う男性の体臭を女性がより心地よいと評価。ピル服用者では逆,—,MHC-dependent mate preferences in humans,"Wedekind C, Seebeck T, Bettens F, Paepke AJ（Proc R Soc B 260）",1995,pp.245–249（要旨）,https://doi.org/10.1098/rspb.1995.0087,2026-10-07,未,,要旨だけで確認。女性49・男性44という人数は二次資料のみで未確認
B16,MHCで相手を選ぶ説のメタ分析：違う相手を選ぶ傾向は見られず、効果はごく小さい,30研究・58効果量（人と霊長類7種）。人ではMHCの多様な相手を好む傾向は有意。違う相手を選ぶ傾向はなし（Zr=0.044）、多様さZr=0.153,研究数・効果量,Patterns of MHC-dependent mate selection in humans and nonhuman primates: a meta-analysis,"Winternitz J, Abbate JL, Huchard E, Havlíček J, Garamszegi LZ（Mol Ecol 26）",2017,pp.668–688（要旨）,https://doi.org/10.1111/mec.13920,2026-10-07,未,,要旨だけで確認
B17,男性はHLAの違う女性の体臭を好まない（追試の積み上げ）,男性は体臭の好き嫌いを区別できたが、HLAの違い・多様さ・珍しさとは無関係（2017）。2018年の続報も同じ結論,—,Men's preferences for women's body odours are not associated with human leucocyte antigen ／ Accumulating evidence suggests that men do not find body odours of human leucocyte antigen-dissimilar women more attractive,Probst F ほか（Proc R Soc B 284）／Lobmaier JS ほか（Proc R Soc B 285）,2017,20171830 ／ 20180566（要旨）,https://doi.org/10.1098/rspb.2017.1830,2026-10-07,未,,要旨だけで確認。2018年版は https://doi.org/10.1098/rspb.2018.0566（要旨なし、題のみ確認）。人数は未確認
B18,排卵周期で好みが変わる説：大規模な追試で支持されず,Jones 2018：584人の縦断、顔の男らしさの好みとホルモンの変化に説得力のある関係なし。Gildersleeve 2014：50研究134効果のメタ分析は支持。Stern 2021：257人×4回、好みが変わる頑健な証拠なし,人,No Compelling Evidence that Preferences for Facial Masculinity Track Changes in Women's Hormonal Status（ほか2本）,Jones BC ほか（Psychological Science 29）／Gildersleeve K ほか（Psychol Bull 140）／Stern J ほか（Horm Behav 128）,2018,Jones pp.996–1005、Gildersleeve pp.1205–1259、Stern 104916（いずれも要旨）,https://doi.org/10.1177/0956797618760197,2026-10-07,未,,要旨だけで確認。Gildersleeve は https://doi.org/10.1037/a0035438、Stern は https://doi.org/10.1016/j.yhbeh.2020.104916。Wood ほか2014の反対のメタ分析は未確認
B19,オキシトシンで信頼が増える説は再現が弱い,鼻から吸うオキシトシンで信頼が増えるという最も有名な結果は追試で再現が弱い。血中濃度の測定に問題。遺伝子研究でも一貫せず,—,Does Oxytocin Increase Trust in Humans? A Critical Review of Research,"Nave G, Camerer C, McCullough M（Perspect Psychol Sci 10）",2015,pp.772–789（要旨）,https://doi.org/10.1177/1745691615600138,2026-10-07,未,,要旨だけで確認。信頼の研究で、恋愛そのものを測ったものではない
B20,オキシトシン受容体がなくてもハタネズミは絆を作る,CRISPRで受容体のない3系統。それでも相手を見知らぬ異性より好み、出産・子育ても可能,系統,Oxytocin receptor is not required for social attachment in prairie voles,Berendzen KM ほか（Neuron 111）,2023,pp.787–796.e4（要旨）,https://doi.org/10.1016/j.neuron.2022.12.011,2026-10-07,未,,要旨だけで確認。動物の研究で人の話ではない
B21,人類学：166の文化の約9割に恋愛の証拠（恋は西洋の発明ではない）,166文化（標準異文化標本）のうち88.5%で恋愛の証拠（147/166とされる）,文化・%,A Cross-Cultural Perspective on Romantic Love,"Jankowiak WR, Fischer EF（Ethnology 31(2)）",1992,pp.149–155,https://doi.org/10.2307/3773618,2026-10-07,未,,88.5%と「恋愛がヨーロッパ・アメリカに独特という仮説を否定」はHRAF（イェール大学）の要約で確認（https://hraf.yale.edu/hypotheses/1919、https://hraf.yale.edu/documents/661）。147という数・証拠の5つの基準・19文化の説明は原文未読で未確認
B22,恋愛はほぼすべての社会にあり、つがいの絆とともに進化した（総説）,—,—,Proximate and Ultimate Perspectives on Romantic Love,"Bode A, Kushnick G（Front Psychol 12）",2021,573123（要旨）,https://doi.org/10.3389/fpsyg.2021.573123,2026-10-07,未,,要旨だけで確認。新しいデータではない
