H1,学問が「好き」をどこまで説明できるか（Becker本人の線引き）,「ある人がなぜ別の人を愛するのかについて付け加えることはない」と明記し、愛は家庭の生産物・相手を思いやる効用として扱う,—,A Theory of Marriage: Part II,Gary S. Becker（Journal of Political Economy 82(2) Part II）,1974,"2節 Love, Caring, and Marriage p.S12",https://www.nber.org/chapters/c3681.pdf,2026-10-07,未,,"原文で確認（NBERのPDF）。Part I（JPE 81(4) 813–846, 1973）では愛を無視したと本人が書く。Part I 本文は未読"
H2,愛があると組み合わせが変わる（Becker）,愛と思いやりは、その2人が最適な組み合わせで結婚する確率を上げる（下げない）。数値例で、愛がなければ別の相手と組む2人が組み替わる,—,A Theory of Marriage: Part II,Gary S. Becker,1974,p.S15,https://www.nber.org/chapters/c3681.pdf,2026-10-07,未,,原文で確認。理論上の結論で、実証ではない
H3,安定結婚の定理・申し込む側が得をする,安定な組み合わせは必ず存在する（定理1）。男が申し込めば男に最適、女が申し込めば女に最適,—,College Admissions and the Stability of Marriage,"D. Gale, L. S. Shapley（American Mathematical Monthly 69(1) 9–15）",1962,定理1 p.12、最適性 p.13,https://www.math.utoronto.ca/mccann/assignments/477/GaleShapley62.pdf,2026-10-07,未,,原文で確認（大学の授業用に置かれたPDF）。好み（順位表）は所与で、好みの由来は扱わない。2012年ノーベル賞（Shapley・Roth）は二次資料
H4,出会いサイトの好みから組み合わせを予測（似た者どうしは好みだけで生まれる）,"男性3,004人・女性2,783人（ボストン・サンディエゴ、2003年の3か月半）。Gale-Shapleyで予測した組は実際の組とよく似てほぼ効率的。似た者どうしの傾向も再現（一部は過小予測）",人,Matching and Sorting in Online Dating,"Hitsch, Hortaçsu, Ariely（American Economic Review 100(1) 130–163）",2010,要旨 p.130、標本 p.137,https://dukespace.lib.duke.edu/server/api/core/bitstreams/52e2e703-3736-4e0b-a1db-5e0282062f9d/content,2026-10-07,未,,原文で確認（Dukeのリポジトリ）。米国の1サイト。「マッチ」は電話番号・メールの交換などで定義し、結婚は見ていない。口で言う条件と実際の選択のずれは主題でない（未確認）
H5,出会いサイトで最初のメールに返事が来ない割合,男性71%・女性56%,%,Matching and Sorting in Online Dating,"Hitsch, Hortaçsu, Ariely",2010,p.141,https://dukespace.lib.duke.edu/server/api/core/bitstreams/52e2e703-3736-4e0b-a1db-5e0282062f9d/content,2026-10-07,未,,原文で確認。2003年の米国の1サイト。日本の値ではない
H6,「37%の法則」の出どころと条件,最初の約37%（1/e≒0.368）を見送り、その後それまでで一番の人を選ぶ。一番を選べる確率も約37%。条件6つ（枠1つ・人数が既知・順番ランダム・順位だけで比べる・戻れない・一番以外は失敗）。初出はGardnerのScientific American 1960年2月号,%,Who Solved the Secretary Problem?,Thomas S. Ferguson（Statistical Science 4(3) 282–296）,1989,2節 p.282–283、3節 p.283,https://www.or.mist.i.u-tokyo.ac.jp/takeda/FreshmanCourse/Ferguson.pdf,2026-10-07,未,,原文で確認（大学の授業用に置かれたPDF）。恋愛に当てはめると条件の多くが崩れる（相手も選ぶ・人数不明・戻れることもある）
H7,37%規則は恋愛には非現実的、簡単な規則でも十分（言い過ぎの歯止め）,十数人を見てから基準を決める等の簡単な規則でもよい相手を得られる（シミュレーション）,—,From Pride and Prejudice to Persuasion: Satisficing in Mate Search,"Peter M. Todd, Geoffrey F. Miller（Simple Heuristics That Make Us Smart, Oxford University Press）",1999,未確認,https://abcwest.cogs.indiana.edu/pmwiki/pdf/todd.frompride.1999.pdf,2026-10-07,未,,二次資料で確認（JASSS 17(1)12 の紹介、検索結果）。原文PDFは取得できず（404）。「1ダースで上位10%」の数値は未確認なので使わない
H8,冒頭の物語の候補：ケプラーの再婚相手探し,1611年に妻を亡くし、11人の候補をほぼ2年かけて調べた。5番目に惹かれたが友人の説得で4番目に申し込み断られ、5番目と結婚。1613年10月23日付のシュトラーレンドルフ男爵への手紙,人・年,Who Solved the Secretary Problem?（5節 Kepler's Problem）,Thomas S. Ferguson,1989,5節 p.284–285,https://www.or.mist.i.u-tokyo.ac.jp/takeda/FreshmanCourse/Ferguson.pdf,2026-10-07,未,,原文（Ferguson）で確認。Fergusonの元はKoestler(1960)・Baumgardt(1951)の伝記。最初の妻の死因（Fergusonはcholera）と5番目の女性の名は未確認なので台本で言わない
H9,社会学：愛はコミュニケーションのコード（ルーマン）,愛は感情ではなく、真理・お金・権力と並ぶ象徴的に一般化されたコミュニケーション・メディア。17世紀以降のヨーロッパでそのコードがどう作られたかを追う,—,Liebe als Passion: Zur Codierung von Intimität（英訳 Love as Passion 1986）,Niklas Luhmann（Suhrkamp）,1982,未確認,https://www.librarything.com/work/570713,2026-10-07,未,,二次資料で確認（書誌と紹介）。邦訳『情熱としての愛』の訳者・出版社・年は未確認
H10,社会学：純粋な関係・コンフルエント・ラブ（ギデンズ）,純粋な関係＝それ自体のために結ばれ、双方が十分な満足を得ていると思う限りで続く関係。コンフルエント・ラブは能動的で条件つきの愛で「永遠に」「ただ1人の」と相容れない,—,The Transformation of Intimacy,Anthony Giddens（Polity / Stanford University Press）,1992,未確認（一般に p.58・p.61 と引かれる）,https://www.tutor2u.net/sociology/topics/confluent-love,2026-10-07,未,,二次資料で確認（英文の引用は複数の二次資料で一致）。原本は未読
H11,社会学：恋愛の苦しさは選択の構造の変化（イルーズ）,恋愛の経験は、選択の生態・構造（相手の母数、評価のしかた、選択と自律の重さ、ネットの出会い）の変化によって形づくられる。先行書で恋愛と消費の結びつきを論じた,—,Why Love Hurts: A Sociological Explanation（先行書 Consuming the Romantic Utopia 1997）,Eva Illouz（Polity / University of California Press）,2012,未確認,https://monoskop.org/log/?p=8518,2026-10-07,未,,二次資料で確認（書評・紹介）
H12,哲学：アリストパネスの片割れの話,人は割符の片割れで、全体への欲求と追求が恋と呼ばれる。もとは男男・女女・男女の3種類,—,Symposium（饗宴）,"Plato（Fowler訳 1925, Perseus Digital Library）",前4世紀,189c–193d（割符 191d、定義 192e–193a）,https://www.perseus.tufts.edu/hopper/text?doc=Perseus%3Atext%3A1999.01.0174%3Atext%3DSym.%3Asection%3D191d,2026-10-07,未,,原文（英訳）で箇所を確認。英訳の逐語引用はしていない。日本語訳で引くときは訳者を書く
H13,哲学：ディオティマの美のはしご,1人の美しい体→すべての体の美→魂の美→ふるまい・法→知識→美そのもの,—,Symposium（饗宴）,"Plato（Fowler訳, Perseus）",前4世紀,ディオティマ 201d–212a、はしご 210a–211c,https://www.perseus.tufts.edu/hopper/text?doc=Perseus%3Atext%3A1999.01.0174%3Atext%3DSym.%3Asection%3D210a,2026-10-07,未,,原文（英訳）で箇所を確認
H14,哲学：「彼だったから、私だったから」（友情の話であることも）,Par ce que c'estoit luy ; par ce que c'estoit moy. 相手は友人ラ・ボエシ。同じ章で女性への愛は「向こう見ずで移り気な火」、結婚は「入口だけが自由な取引」と友情と区別,—,Essais 第1巻第28章 De l'amitié（友情について）,Michel de Montaigne,1580（この一文は1588年版への手書きの書き足し）,第1巻第28章。ボルドー本 fol. 71v,https://fr.wikisource.org/wiki/Essais/Livre_I/Chapitre_28,2026-10-07,未,,原文（Wikisource）で確認。手書きの書き足し（fol. 71v）は英語版Wikipedia「Bordeaux copy」で確認＝二次資料。「私だったから」を後から別のインクで足したという話は未確認
H15,哲学：愛するから価値が生まれる（フランクファート）,愛する対象は、愛するからこそ私たちにとって価値を持つ（価値を認めたから愛するのではない）,—,The Reasons of Love,Harry G. Frankfurt（Princeton University Press）,2004,書評の引用で p.43（ほか p.23・p.56）,https://ndpr.nd.edu/news/the-reasons-of-love/,2026-10-07,未,,二次資料で確認（Notre Dame Philosophical Reviews、Philip L. Quinn の書評 2004-03-12）。原本は未読
H16,哲学：理由で愛すると性質を愛していることになる（代替可能性）,人は決して人そのものを愛さず、性質だけを愛している（天然痘で美しさが消えれば愛さなくなる）,—,Pensées（パンセ）「自我とは何か」,Blaise Pascal,1670（死後出版）,ラフュマ版688,https://pedagogie.ac-rennes.fr/sites/pedagogie.ac-rennes.fr/IMG/pdf/un_abime_sans_fond_le_moi_et_ses_qualites_article_sur_pascal-2.pdf,2026-10-07,未,,二次資料で確認（検索結果の解説）。断章番号のブランシュヴィック版323は未確認
H17,哲学：乗り換え（trading up）への答え（ノージック）,乗り換える気があることは、自分が一体化した「私たち」を壊すこと＝自分を壊すことになる,—,Love's Bond（The Examined Life 所収）,Robert Nozick（Simon & Schuster）,1989,p.78,https://plato.stanford.edu/entries/love/,2026-10-07,未,,二次資料で確認（スタンフォード哲学百科「Love」Bennett Helm、2021-09-01改訂）
H18,文学：結晶作用（ザルツブルクの枝）,塩坑に投げ込んだ枯れ枝が2〜3か月で結晶に覆われ、もとの枝が分からなくなる。結晶作用＝目の前のすべてから愛する人の新しい美点を見つけ出す心の働き,—,De l'amour（恋愛論）,Stendhal,1822,第1巻第2章「恋の発生について」,https://actualitte.com/livres/3791/extraits/de-l-amour-stendhal-9782080700490,2026-10-07,未,,二次資料2つで確認（出版社の抜粋、検索結果）。Wikisourceの章ページは404。塩坑訪問の年と経緯は未確認
H19,文学：万葉集で恋を「孤悲」と書いた歌（自分で数えた数）,"「孤悲」を原文に含む歌28首（出現29回、巻17・4011に2回）。巻17に18首。例：巻1・67、巻4・560、巻17・3929。比較：「戀」638首、「古非」47首、「故非」18首、「古比」5首（全4,561首）",首,万葉集（原文・訓読・校異つき）,ウィキソース日本語版,—,全20巻の［原文］の行,https://ja.wikisource.org/wiki/%E4%B8%87%E8%91%89%E9%9B%86,2026-10-07,未,,原文（ウィキソースの翻刻）でClaudeが数えた（2026-10-07）。底本は記載なし。版によって字が違う歌がありうる。一般向け解説の「29例」と一致。字に意味を込めたかは解釈
H20,文学：漱石「月が綺麗ですね」に典拠がないこと,1970年代に現れた都市伝説。漱石に結びつけた早い例は1977年の豊田有恒のSFエッセイ（『奇想天外』）、「月がきれいですねえ」の形は『言語生活』1987年4月号。漱石と無関係の似た話は1958年・1962年の本にある,—,日本語探偵（「月がきれい」の伝説／「月がきれい漱石説」源流は英語の文献らしい）,飯間浩明（文藝春秋）,2022-10-24、2024-06-09,—,https://bunshun.jp/bungeishunju/articles/h8108,2026-10-07,未,,二次資料で確認（辞書編集者の調査記事。もう1本は https://bunshun.jp/bungeishunju/articles/h4717 ）。1977年の豊田有恒の件は検索結果の要約で、記事の本文では未確認。英語文献の名は未確認
H21,歴史：「恋愛」はLoveの翻訳語,かつてこの国に「恋愛」はなかった。「色」や「恋」と区別される“高尚なる感情”を指してLoveの翻訳語がつくられたのは、ほんの一世紀前,—,翻訳語成立事情（岩波新書 黄版189）,柳父章（岩波書店）,1982年4月,第5章「恋愛」（北村透谷と「恋愛」の宿命）,https://www.iwanami.co.jp/book/b267622.html,2026-10-07,未,,出版社の紹介文と目次を原文で確認。本文（巌本善治の引用など）と頁は未読＝二次資料の要約のみ
H22,歴史：「恋愛」の語の出現,中国ではロプシャイト『英華字典』（1866–69）に既出。日本では明治初めからloveの訳語として「愛恋」「恋慕」などと並び、明治20年代から「恋愛」が優勢に。用例『西国立志編』（1870–71）,—,精選版 日本国語大辞典「恋愛」,小学館（コトバンク）,—,語誌・用例,https://kotobank.jp/word/%E6%81%8B%E6%84%9B,2026-10-07,未,,二次資料（辞典）で確認。『西国立志編』原本は未確認
H23,歴史：北村透谷「恋愛は人世の秘鑰なり」,冒頭「恋愛は人世の秘鑰なり、恋愛ありて後人世あり」。後半「恋愛の始めは自らの意匠を愛する者にして、対手なる女性は仮物なれば」。主題は詩人の恋愛が結婚で失望に変わること,—,厭世詩家と女性,北村透谷（初出『女學雜誌』303号・305号）,1892（明治25）年2月6日・20日,青空文庫 図書カード45237（底本：現代日本文學大系6、筑摩書房）,https://www.aozora.gr.jp/cards/000157/files/45237_19755.html,2026-10-07,未,,原文（青空文庫）で確認。「秘鑰」を「秘訣」「秘鎗」と書く誤記に注意
H24,歴史：透谷本人の恋愛結婚と死,石坂昌孝の娘で3歳上の石坂美那子と「明治期には異例の激しい恋」、1888年結婚。1894（明治27）年5月16日、25歳で自死,—,日本大百科全書（ニッポニカ）「北村透谷」,小学館（コトバンク）,—,—,https://kotobank.jp/word/%E5%8C%97%E6%9D%91%E9%80%8F%E8%B0%B7-50967,2026-10-07,未,,二次資料（事典）で確認。木下尚江の「大砲」の回想は https://serai.jp/hobby/252284 の記事だけ（未確認）。自死は台本で扱いに注意
H25,日本：恋愛結婚が見合いを上回った時期と最新,1960〜64年 恋愛41.1・見合い49.8 → 1965〜69年 恋愛48.6・見合い44.9（逆転）。1930〜39年 恋愛13.4・見合い69.0。2020〜24年 恋愛71.4・見合い8.9・ネット18.6,%,第17回出生動向基本調査 結果の概要 図表5-2（結婚年次別、初婚どうし）,国立社会保障・人口問題研究所,第17回（2025年6月調査、2026-09-11公表）,図表5-2 p.58,https://www.ipss.go.jp/ps-doukou/j/db_17/17GaiyoBaseData/JNFS17gaiyoFigure5-2.csv,2026-10-07,未,,CSVで確認（001回の data/ipss_jnfs17_fig5-2.csv と同じ）。見合い結婚＝見合い＋結婚相談所。ネットは第16回から別区分
H26,日本：夫婦が知り合ったきっかけ（最新と前回）,第17回（2025）：職場20.9・友人20.2・ネット20.2・学校14.0・相談所7.7・見合い1.1。第16回（2021）：職場25.6・友人24.9・学校13.8・ネット11.0・相談所6.7・見合い2.2,%,第17回出生動向基本調査 結果の概要 図表5-3（調査前5年に結婚した初婚どうし）,国立社会保障・人口問題研究所,第17回,図表5-3 p.59,https://www.ipss.go.jp/ps-doukou/j/db_17/17GaiyoBaseData/JNFS17gaiyoFigure5-3.csv,2026-10-07,未,,CSVで確認。第17回の客体570組で、上位3つの差は数組（意味のある差とは言えない）
H27,日本：交際相手がいない・交際を望まない（18〜34歳の未婚者）,第17回：交際相手なし 男性74.0（望む32.8・望まない35.7・不詳5.5）・女性65.4（24.6・35.3・5.5）。第16回：男性72.1（31.5・33.5・7.1）・女性64.2（24.6・34.1・5.5）。1982年 男性36.8・女性30.1,%,第17回出生動向基本調査 結果の概要 図表2-2,国立社会保障・人口問題研究所,第17回,図表2-2 p.38,https://www.ipss.go.jp/ps-doukou/j/db_17/17GaiyoBaseData/JNFS17gaiyoFigure2-2.csv,2026-10-07,未,,CSVで確認。交際相手＝異性の友人・恋人・婚約者。男性30〜34歳で望まない40.2
H28,日本：恋人・婚約者がいる割合（18〜34歳の未婚者）,男性19.6・女性27.8（2025）。男性30〜34歳11.6,%,第17回出生動向基本調査 結果の概要 図表2-1,国立社会保障・人口問題研究所,第17回,図表2-1（頁は未確認）,https://www.ipss.go.jp/ps-doukou/j/db_17/17GaiyoBaseData/JNFS17gaiyoFigure2-1.csv,2026-10-07,未,,CSVで確認（Shift_JIS）
H29,日本：異性と恋人として交際した経験がない（18〜34歳の未婚者）,男性42.3・女性36.7（2025）。男性25〜29歳42.3・30〜34歳40.5,%,第17回出生動向基本調査 結果の概要 図表2-3,国立社会保障・人口問題研究所,第17回,図表2-3（頁は未確認）,https://www.ipss.go.jp/ps-doukou/j/db_17/17GaiyoBaseData/JNFS17gaiyoFigure2-3.csv,2026-10-07,未,,CSVで確認（Shift_JIS）
H30,日本：結婚の利点に「愛情を感じている人と暮らせる」を選ぶ未婚者,男性15.9・女性17.5（2025）。1987年 男性17.5・女性23.3。女性は1992年23.9から低下。上位は「子どもや家族をもてる」27.0・31.6、「精神的な安らぎ」27.0・24.8,%,第17回出生動向基本調査 結果の概要 図表1-6,国立社会保障・人口問題研究所,第17回,図表1-6（頁は未確認）,https://www.ipss.go.jp/ps-doukou/j/db_17/17GaiyoBaseData/JNFS17gaiyoFigure1-6.csv,2026-10-07,未,,CSVで確認（Shift_JIS）。いくつまで選べるかは未確認。分母は18〜34歳の未婚者全体
H31,日本：独身でいる理由「適当な相手にまだめぐり会わない」（25〜34歳）,男性39.2・女性39.9（2025、最多）。1992年 男性53.5・女性55.3。男性「異性とうまくつき合えない」18.2,%,第17回出生動向基本調査 結果の概要 図表1-10,国立社会保障・人口問題研究所,第17回,図表1-10（頁は未確認）,https://www.ipss.go.jp/ps-doukou/j/db_17/17GaiyoBaseData/JNFS17gaiyoFigure1-10.csv,2026-10-07,未,,CSVで確認（Shift_JIS）。3つまで選ぶ設問（概要の注で未確認）
H32,日本：結婚相手に求める人柄・容姿,人柄を重視 男性78.7・女性87.3。容姿を重視 男性24.5・女性24.6（考慮を含め84.3・82.5）,%,第17回出生動向基本調査 結果の概要 図表3-3,国立社会保障・人口問題研究所,第17回,図表3-3（頁は未確認）,https://www.ipss.go.jp/ps-doukou/j/db_17/17GaiyoBaseData/JNFS17gaiyoFigure3-3.csv,2026-10-07,未,,"CSVで確認（Shift_JIS）。対象は「いずれ結婚するつもり」の18〜34歳未婚者（男性1,259・女性1,388）"
H33,日本：20代で配偶者・恋人がいない,20代男性の約7割・女性の約5割が「配偶者、恋人はいない（未婚）」,割,男女共同参画白書 令和4年版 特集（元は令和3年度 人生100年時代における結婚・仕事・収入に関する調査、内閣府委託）,内閣府男女共同参画局,2022,特-35図（恋人・デートの人数は特-38図）,https://www.gender.go.jp/about_danjo/whitepaper/r04/zentai/html/honpen/b1_s00_02.html,2026-10-07,未,,白書の本文で確認。特-38図の数値（「デート経験なし約4割」）は図だけで本文になく未確認。同じ白書に「恋愛結婚が結婚の9割近く」の記述
H34,言葉：キリシタンは amor を「御大切」と訳した,16世紀の宣教師は神の愛を「愛」でなく「御大切」と訳した。当時の「愛」に愛着・執着の響きがあったためと説明される,—,（解説記事・研究の要約）,—,—,未確認,https://www.toyo.ac.jp/assets/50b94f419dfdd45b7b71228bfd8ac071.pdf,2026-10-07,未,,二次資料（検索結果の要約）。『どちりなきりしたん』の該当箇所と、挙げたPDFの本文は未確認。使うなら研究書で確かめ直す
