P1,第1章：近さ（団地の友人関係）。隣は2つ隣より約2倍親しくなりやすい,隣（約20フィート）は2つ隣（約40フィート）より約2倍、親しい友人になりやすい,倍,Social Pressures in Informal Groups: A Study of Human Factors in Housing,"Festinger, Schachter, Back（Harper）",1950,本文未確認（値は Finkel & Baumeister 総説 p.18〜19 から）,https://archive.org/details/socialpressuresi00fest,2026-10-07,未,,二次で確認（P28の総説）。原本は archive.org で貸出制限、本文未確認。MITのWestgate West、夫婦単位の友人関係で恋愛ではない。教科書の「41%・22%・10%」は未確認なので使わない
P2,第1章：結婚した夫婦の住所の距離,"フィラデルフィアの結婚許可証5,000件のうち、3分の1の組が5ブロック以内に住んでいた",組の割合,Residential Propinquity as a Factor in Marriage Selection,James H. S. Bossard（American Journal of Sociology 38(2) 219–224）,1932,要旨,https://doi.org/10.1086/216031,2026-10-07,未,,要旨だけで確認（OpenAlex の要旨）。「12%は同じ住所」は未確認。近さと階層・民族の効果は分けていない
P3,第1章：くじの座席で1年後の友人関係,心理学の新入生54人。くじで隣の席・同じ列になった人どうしは1年後の友人関係の強さが高い,—,Becoming Friends by Chance,"Back, Schmukle, Egloff（Psychological Science 19(5) 439–440）",2008,短報（本文未確認）,https://doi.org/10.1111/j.1467-9280.2008.02106.x,2026-10-07,未,,要旨だけで確認（APSのプレスリリース https://www.sciencedaily.com/releases/2008/06/080602163842.htm と書誌）。効果の大きさの数値は未確認。ドイツ・ライプツィヒ大学。友人関係で恋愛ではない
P4,第1章：座席の大規模追試,"隣の席の子と友だちになる確率22.3%、隣でない子15.3%（差7.0ポイント）。2,966人・182学級・40校",%,Proximity can induce diverse friendships: A large randomized classroom experiment,"Rohrer, Keller, Elwert（PLOS ONE 16(8) e0255097）",2021,本文 結果の節,https://doi.org/10.1371/journal.pone.0255097,2026-10-07,未,,原文で確認（PLOS ONE の本文ページ）。ハンガリーの小学校3〜8年生、2017年秋の1学期。子ども・地方の学校
P5,第1章：単純接触効果の提唱と黒い袋の学生の逸話,くり返し触れるだけで態度が良くなる、という仮説。冒頭に1967年オレゴン州立大学の「黒い袋の学生」の新聞記事（敵意→好奇心→友情）,—,Attitudinal effects of mere exposure,"Robert B. Zajonc（JPSP 9(2, Pt.2) 1–27）",1968,要旨・冒頭 p.1,https://doi.org/10.1037/h0025848,2026-10-07,未,,要旨だけで確認（OpenAlex の要旨と冒頭の文）。黒い袋の話は AP 通信の記事の逸話で実験ではない
P6,第1章：単純接触効果のメタ分析（使うなら照合が要る）,208の実験、r = .26。気づかない提示のほうが効果が大きい,r,"Exposure and affect: Overview and meta-analysis of research, 1968–1987",Robert F. Bornstein（Psychological Bulletin 106(2) 265–289）,1989,未確認,https://doi.org/10.1037/0033-2909.106.2.265,2026-10-07,未,,未確認（数値は二次資料のみ。要旨の英語版にも届かず）
P7,第1章：会うほど好きは一直線ではない（逆U字）,81本の論文・268の曲線。くり返しの効果は逆U字。目で見る刺激では出るが音では出ない等、条件で変わる,—,"A re-examination of the mere exposure effect: The influence of repeated exposure on recognition, familiarity, and liking",Montoya ほか（Psychological Bulletin 143(5) 459–498）,2017,要旨,https://doi.org/10.1037/bul0000085,2026-10-07,未,,要旨だけで確認（OpenAlex）
P8,第1章：教室に出席した回数と魅力,女性4人が40回の授業のうち0・5・10・15回出席（話さない）。受講生130人の評価で、出席が多いほど魅力的・自分に似ていると評価。見覚えの感じは弱くしか変わらない,—,Exposure effects in the classroom: The development of affinity among students,Moreland & Beach（Journal of Experimental Social Psychology 28(3) 255–276）,1992,要旨,https://doi.org/10.1016/0022-1031(92)90055-O,2026-10-07,未,,要旨だけで確認（書誌データベースの要旨と P28 の総説）。平均値（0回3.62→15回4.38）は二次資料のみで未確認。ピッツバーグ大学
P9,第1章：知るほど嫌いになる（紙の上の情報）,情報が増えるほど平均では好意が下がる。一度違いを見つけると次の情報も違いと読む。婚活サイトの会う前・後のデータでも,—,"Less is more: The lure of ambiguity, or why familiarity breeds contempt","Norton, Frost, Ariely（JPSP 92(1) 97–105）",2007,要旨,https://doi.org/10.1037/0022-3514.92.1.97,2026-10-07,未,,要旨だけで確認（PubMed）。P10 の反論と必ず一緒に出す
P10,第1章：実際に会話すると、長く話すほど惹かれる,初対面の同性2人に会話させる2つの実験。長く話した組ほど互いに惹かれた。理由は分かってもらえている感じ・話しやすさ・知っている感じ,—,Familiarity does indeed promote attraction in live interaction,Reis ほか（JPSP 101(3) 557–570）,2011,要旨,https://doi.org/10.1037/a0022885,2026-10-07,未,,要旨だけで確認（OpenAlex）。同性の組で恋愛ではない
P11,第2章：特定の人への好意は返され、誰にでもの好意は好かれない,学部生156人、スピードデート7回、1人9〜13人と4分ずつ。二者間の返報性 r = .14、一般的な返報性 r = −.41,r,Selective versus unselective romantic desire: Not all reciprocity is created equal,"Eastwick, Finkel, Mochon, Ariely（Psychological Science 18(4) 317–319）",2007,本文未確認（値は P27 の図1）,https://doi.org/10.1111/j.1467-9280.2007.01897.x,2026-10-07,未,,人数・方法は要旨だけで確認（APSのプレスリリース https://www.sciencedaily.com/releases/2007/02/070206132059.htm）。相関の値は著者自身の総説（P27）の図1で原文確認。ノースウェスタン大学
P12,第2章：好かれていると信じると態度が変わる,好かれていると信じた人は温かく自己開示が多くなり、相手も実際に好きになった,—,Believing another likes or dislikes you: Behaviors making the beliefs come true,Curtis & Miller（JPSP 51(2) 284–290）,1986,未確認,https://doi.org/10.1037/0022-3514.51.2.284,2026-10-07,未,,二次で確認（P28 の総説 p.9）。人数・数値は未確認
P13,（使うなら要確認）得失効果,未確認,—,Gain and loss of esteem as determinants of interpersonal attractiveness,Aronson & Linder（Journal of Experimental Social Psychology 1(2) 156–171）,1965,未確認,https://doi.org/10.1016/0022-1031(65)90043-0,2026-10-07,未,,未確認（書誌のみ確認。本文・要旨に届かず）
P14,第2章：似ていること,313の研究・460の効果量。実際の類似 r = .47、感じた類似 r = .39。実際の類似は続いている関係では有意でない。感じた類似はどの段階でも予測,r,Is actual similarity necessary for attraction? A meta-analysis of actual and perceived similarity,"Montoya, Horton, Kirchner（Journal of Social and Personal Relationships 25(6) 889–922）",2008,要旨,https://doi.org/10.1177/0265407508096700,2026-10-07,未,,要旨だけで確認（マードック大学の研究ポータル）
P15,第3章など：36の質問は親密さの研究。結婚した組の話の真偽,45分。親密さ 4.06（質問）対 3.25（世間話）、0.88標準偏差。IOS 平均3.82＝学生の「一番近い関係」の約30パーセンタイル。追跡58組：また話した57%・一緒に何かした35%・隣に座った37%。結婚した1組は1991年の予備研究（1時間半版）の逸話,点・%,The experimental generation of interpersonal closeness: A procedure and some preliminary findings,"Aron, Melinat, Aron, Vallone, Bator（Personality and Social Psychology Bulletin 23(4) 363–377）",1997,p.364（結婚の1組）、p.367（Study 1）、p.371（30パーセンタイル・追跡）,https://doi.org/10.1177/0146167297234003,2026-10-07,未,,原文で確認（スキャンPDF https://psychodramaaustralia.edu.au/sites/default/files/falling_in_love-aron.pdf）。ページは本文の文脈から推定。NYT（Catron 2015）の「6か月後に結婚し研究室を招いた」は論文になく未確認
P16,第3章の柱：誰が誰を好きになるかは会う前に予測できない,2標本（163人・2005年、187人・2007年）。変数112〜182。分散：好きになりやすさ12〜14%、好かれやすさ23〜26%、この2人だけ31〜36%。予測：好きになりやすさ4〜18%、好かれやすさ7〜27%、この2人だけ −4.55〜1.30%。標本をまたぐと0.1%未満。会ったあとの評価なら16〜29%,%,Is romantic desire predictable? Machine learning applied to initial romantic attraction,"Joel, Eastwick, Finkel（Psychological Science 28巻 1478–1489）",2017,要旨 p.1478、表1 p.1482、結果 p.1483〜1484、表3 p.1484、考察 p.1485〜1487,https://doi.org/10.1177/0956797617714580,2026-10-07,未,,原文で確認（PDF https://gwern.net/doc/psychology/2017-joel.pdf）。要旨（4〜18%・7〜27%）と結果の節（約5〜18%・18〜27%）で値が少しずれる。米国の学部生、4分の会話後の好意
P17,第3章：言った好みと実際に惹かれた相手のずれ,163人。言った好み：見た目 男8.04・女7.18、稼ぐ力 男6.91・女7.73（1〜9）。実際：見た目 r 男.43・女.46、稼ぐ力 男.19・女.16、男女差 r = .03。言った好みと会場での好みの相関72個のうち有意にプラス2個・マイナス1個,点・r,Sex differences in mate preferences revisited: Do people know what they initially desire in a romantic partner?,Eastwick & Finkel（JPSP 94(2) 245〜）,2008,要旨 p.245、表1、表2、本文 p.254付近,https://doi.org/10.1037/0022-3514.94.2.245,2026-10-07,未,,原文で確認（PDF https://gwern.net/doc/sociology/2008-eastwick.pdf）。ページ番号は未確認。ノースウェスタン大学の学部生。P19・P20 の反対の証拠と一緒に出す
P18,第3章：見た目と稼ぐ力の効き方に男女差がない（メタ分析）,97の研究。実際の相手への評価に対し、見た目 r ≈ .40、稼ぐ力 r ≈ .10（男女とも）、男女差 r = .03,r,The predictive validity of ideal partner preferences: A review and meta-analysis,"Eastwick, Luchies, Finkel, Hunt（Psychological Bulletin 140(3) 623–665）",2014,要旨,https://doi.org/10.1037/a0032432,2026-10-07,未,,要旨だけで確認（PubMed）。「独身者の好みは会った相手への惹かれ方を予測しない」は大学の紹介ページ・二次の要約。同じ号に反論のコメント2本（未読）
P19,第3章：反対の証拠（範囲を広げると男女差が出る）,候補に地位・見た目がとても低い人まで含めると、男性は見た目で、女性は地位でより選ぶ。紙の上の好みも実際の選択を予測,—,Mate preferences do predict attraction and choices in the early stages of mate selection,"Li, Yong, Tov, Sng, Fletcher, Valentine, Jiang, Balliet（JPSP 105(5) 757–776）",2013,要旨,https://doi.org/10.1037/a0033777,2026-10-07,未,,要旨だけで確認（PubMed）。シンガポール経営大学など
P20,第3章：反対の証拠（長く追うと好みは当たる）,ドイツの独身者763人（18〜40歳）を5か月追跡。事前の好みはその後の恋人の特徴を予測（男女とも）,—,Predictive validity and adjustment of ideal partner preferences across the transition into romantic relationships,"Gerlach, Arslan, Schultze, Reinhard, Penke（JPSP 116(2) 313–330）",2019,要旨,https://doi.org/10.1037/pspp0000170,2026-10-07,未,,要旨だけで確認（PubMed）。事前登録あり
P21,吊り橋効果の元の研究（どこまで言えるか）,吊り橋で番号を受け取った18人中9人が電話、頑丈な橋は16人中2人。調査員が男性なら差なし,人,Some evidence for heightened sexual attraction under conditions of high anxiety,Dutton & Aron（JPSP 30(4) 510–517）,1974,要旨（人数は本文未確認）,https://doi.org/10.1037/h0037031,2026-10-07,未,,結果の向きは要旨で確認（OpenAlex）。9人・2人は二次資料（Normal Curves の解説 https://www.normalcurves.com/scary-bridge-study-can-fear-make-you-horny/）のみで未確認。無作為でない等の批判あり
P22,吊り橋効果のメタ分析,興奮の原因がはっきりしていても魅力の判断に影響、あいまいなほど強い。魅力的な相手で再現、魅力的でない相手では逆,—,Arousal and attraction: Evidence for automatic and controlled processes,"Foster, Witcher, Campbell, Green（JPSP 74(1) 86–101）",1998,要旨,https://doi.org/10.1037/0022-3514.74.1.86,2026-10-07,未,,要旨だけで確認（OpenAlex）。魅力的でない相手で逆、は P28 の総説 p.13 の記述。効果量 d = .27 は未確認
P23,吊り橋効果の限界（恋人と乗ると何も起きない）,遊園地の300人（男165・女135）。恋人でない人と乗ると降りた直後に写真の異性を魅力的と評価。恋人と乗った人では差なし,人,Love at first fright: Partner salience moderates roller-coaster-induced excitation transfer,Meston & Frohlich（Archives of Sexual Behavior 32(6) 537–544）,2003,要旨,https://doi.org/10.1023/A:1026037527455,2026-10-07,未,,要旨だけで確認（PubMed）。米国テキサス州
P24,見た目の力（コンピューター・ダンス）,無作為に組ませたダンスで、相手を好きか・また会いたいか・誘ったかを一番決めたのは相手の見た目の魅力だけ。性格検査や学力は相性を予測せず,—,Importance of physical attractiveness in dating behavior,"Walster, Aronson, Abrahams, Rottman（JPSP 4(5) 508–516）",1966,要旨,https://doi.org/10.1037/h0021188,2026-10-07,未,,要旨だけで確認（OpenAlex）。752人・ミネソタ大学は二次資料のみ
P25,愛の3成分（親密さ・情熱・決意／関与）,理論。3成分の強さで愛の量、比で種類が決まる,—,A triangular theory of love,Robert J. Sternberg（Psychological Review 93(2) 119–135）,1986,要旨,https://doi.org/10.1037/0033-295X.93.2.119,2026-10-07,未,,要旨だけで確認（OpenAlex）。データの研究ではなく理論
P26,情熱的な愛を測る尺度,情熱的愛の尺度（PLS）を作り、信頼性・妥当性を示した,—,Measuring passionate love in intimate relationships,Hatfield & Sprecher（Journal of Adolescence 9(4) 383–410）,1986,要旨,https://doi.org/10.1016/S0140-1971(86)80043-4,2026-10-07,未,,要旨だけで確認（OpenAlex）。項目数（30・短縮15）は未確認
P27,P11 の相関の値の出典（著者自身の総説）,恋愛：二者間 .14・一般 −.41。恋愛でない初対面：二者間 .32・一般 .43。男女差なし、見た目を差し引いても残る,r,Speed-dating,Finkel & Eastwick（Current Directions in Psychological Science）,2008,本文 p.6、図1 p.15（投稿稿の頁）,https://faculty.wcas.northwestern.edu/eli-finkel/documents/CDir_FinkelEastwick_FINAL.pdf,2026-10-07,未,,原文で確認（著者公開の投稿稿）。巻号頁は未確認
P28,二次資料の総説（Festinger・Curtis & Miller・Foster の補足）,Festinger：隣は2つ隣より約2倍。Foster：魅力的でない相手では逆。Moreland & Beach：40回中0・5・10・15回,—,Attraction and rejection（Advanced Social Psychology の章）,Finkel & Baumeister（Oxford University Press）,2010,p.9〜10、p.13、p.18〜19（著者公開稿の頁）,https://faculty.wcas.northwestern.edu/eli-finkel/documents/57_FinkelBaumeister_AttractionRejection_AdvancedSocialPsychology.pdf,2026-10-07,未,,原文で確認（著者公開稿）。出版年 2010 は未確認。ほかの研究の要約なので、元の研究の数値の確認には使わない
