表,区分,性別,経験あり%,人数
期間別,1991-98,女,11.9,4779
期間別,1991-98,男,21.0,3324
期間別,2000-08,女,13.0,4632
期間別,2000-08,男,21.9,3387
期間別,2010-18,女,12.3,3607
期間別,2010-18,男,19.9,2739
期間別,2021-22,女,14.1,1539
期間別,2021-22,男,17.5,1219
年齢別 1991-2000,18-29,女,10.4,596
年齢別 1991-2000,18-29,男,16.1,344
年齢別 1991-2000,30代,女,13.0,1443
年齢別 1991-2000,30代,男,16.4,985
年齢別 1991-2000,40代,女,17.3,1310
年齢別 1991-2000,40代,男,24.0,1077
年齢別 1991-2000,50代,女,11.9,877
年齢別 1991-2000,50代,男,30.9,677
年齢別 1991-2000,60代,女,8.8,682
年齢別 1991-2000,60代,男,23.9,462
年齢別 1991-2000,70代,女,4.4,602
年齢別 1991-2000,70代,男,17.3,355
年齢別 1991-2000,80+,女,2.6,280
年齢別 1991-2000,80+,男,11.4,128
年齢別 2010-2022,18-29,女,8.6,309
年齢別 2010-2022,18-29,男,8.2,164
年齢別 2010-2022,30代,女,11.9,877
年齢別 2010-2022,30代,男,12.8,638
年齢別 2010-2022,40代,女,12.7,921
年齢別 2010-2022,40代,男,15.7,726
年齢別 2010-2022,50代,女,13.8,1091
年齢別 2010-2022,50代,男,21.9,830
年齢別 2010-2022,60代,女,15.0,978
年齢別 2010-2022,60代,男,22.4,830
年齢別 2010-2022,70代,女,14.1,590
年齢別 2010-2022,70代,男,27.0,509
年齢別 2010-2022,80+,女,8.9,294
年齢別 2010-2022,80+,男,26.4,202
年齢別 2016-2022,18-29,女,6.5,143
年齢別 2016-2022,18-29,男,3.4,79
年齢別 2016-2022,30代,女,13.0,448
年齢別 2016-2022,30代,男,12.3,332
年齢別 2016-2022,40代,女,13.8,450
年齢別 2016-2022,40代,男,14.4,362
年齢別 2016-2022,50代,女,13.0,586
年齢別 2016-2022,50代,男,21.6,409
年齢別 2016-2022,60代,女,14.3,574
年齢別 2016-2022,60代,男,19.8,463
年齢別 2016-2022,70代,女,16.7,345
年齢別 2016-2022,70代,男,28.3,338
年齢別 2016-2022,80+,女,12.3,166
年齢別 2016-2022,80+,男,26.4,114
18-29歳の期間別,1991-98,女,10.4,497
18-29歳の期間別,1991-98,男,15.5,295
18-29歳の期間別,2000-08,女,11.1,458
18-29歳の期間別,2000-08,男,15.7,239
18-29歳の期間別,2010-18,女,10.1,251
18-29歳の期間別,2010-18,男,11.1,128
18-29歳の期間別,2021-22,女,3.5,58
18-29歳の期間別,2021-22,男,1.2,36
60代の期間別,1991-98,女,9.1,570
60代の期間別,1991-98,男,24.0,376
60代の期間別,2000-08,女,13.2,612
60代の期間別,2000-08,男,28.9,509
60代の期間別,2010-18,女,14.9,644
60代の期間別,2010-18,男,23.2,557
60代の期間別,2021-22,女,15.3,334
60代の期間別,2021-22,男,20.4,273
2010-22 全体,全体,女,12.9,5146
2010-22 全体,全体,男,19.2,3958
2010-22 生まれ年別,-1939,女,8.7,420
2010-22 生まれ年別,-1939,男,25.9,301
2010-22 生まれ年別,1940年代,女,14.9,712
2010-22 生まれ年別,1940年代,男,25.8,622
2010-22 生まれ年別,1950年代,女,15.9,1074
2010-22 生まれ年別,1950年代,男,22.3,884
2010-22 生まれ年別,1960年代,女,12.9,1047
2010-22 生まれ年別,1960年代,男,19.7,815
2010-22 生まれ年別,1970年代,女,12.1,895
2010-22 生まれ年別,1970年代,男,15.5,699
2010-22 生まれ年別,1980年代,女,12.5,739
2010-22 生まれ年別,1980年代,男,12.4,475
2010-22 生まれ年別,1990年代+,女,5.0,173
2010-22 生まれ年別,1990年代+,男,4.3,104
2010-22 礼拝の頻度別,行かない,女,16.0,1186
2010-22 礼拝の頻度別,行かない,男,20.4,1059
2010-22 礼拝の頻度別,年1回以下,女,15.6,1007
2010-22 礼拝の頻度別,年1回以下,男,20.0,871
2010-22 礼拝の頻度別,年数回〜月2-3回,女,12.5,1192
2010-22 礼拝の頻度別,年数回〜月2-3回,男,19.4,925
2010-22 礼拝の頻度別,ほぼ毎週以上,女,9.5,1731
2010-22 礼拝の頻度別,ほぼ毎週以上,男,17.3,1091
2010-22 結婚の幸福度別（現在既婚・離婚歴なし）,あまり幸せでない,女,14.4,90
2010-22 結婚の幸福度別（現在既婚・離婚歴なし）,あまり幸せでない,男,39.3,51
2010-22 結婚の幸福度別（現在既婚・離婚歴なし）,とても幸せ,女,4.4,1358
2010-22 結婚の幸福度別（現在既婚・離婚歴なし）,とても幸せ,男,8.3,1353
2010-22 結婚の幸福度別（現在既婚・離婚歴なし）,まあ幸せ,女,8.7,768
2010-22 結婚の幸福度別（現在既婚・離婚歴なし）,まあ幸せ,男,16.7,667
2010-22 16歳時に両親と同居,それ以外,女,14.9,1640
2010-22 16歳時に両親と同居,それ以外,男,20.8,1084
2010-22 16歳時に両親と同居,両親と同居,女,12.0,3505
2010-22 16歳時に両親と同居,両親と同居,男,18.6,2874
2010-22 学歴別,大学院,女,13.0,719
2010-22 学歴別,大学院,男,18.3,613
2010-22 学歴別,学士,女,12.4,1084
2010-22 学歴別,学士,男,19.2,848
2010-22 学歴別,短大,女,9.8,473
2010-22 学歴別,短大,男,21.9,293
2010-22 学歴別,高卒,女,14.3,2402
2010-22 学歴別,高卒,男,19.4,1831
2010-22 学歴別,高卒未満,女,9.4,465
2010-22 学歴別,高卒未満,男,17.3,370
2010-22 世帯収入（年ごとの4分位）,下位1/4,女,15.3,1356
2010-22 世帯収入（年ごとの4分位）,下位1/4,男,21.0,744
2010-22 世帯収入（年ごとの4分位）,2,女,12.8,1201
2010-22 世帯収入（年ごとの4分位）,2,男,22.2,895
2010-22 世帯収入（年ごとの4分位）,3,女,13.2,1105
2010-22 世帯収入（年ごとの4分位）,3,男,17.9,991
2010-22 世帯収入（年ごとの4分位）,上位1/4,女,11.9,1018
2010-22 世帯収入（年ごとの4分位）,上位1/4,男,18.2,1080
2010-22 不倫への態度別,いつも悪い,女,8.5,2325
2010-22 不倫への態度別,いつも悪い,男,14.3,1690
2010-22 不倫への態度別,ほとんど悪い,女,18.2,435
2010-22 不倫への態度別,ほとんど悪い,男,27.8,392
2010-22 不倫への態度別,全く悪くない,女,25.6,56
2010-22 不倫への態度別,全く悪くない,男,35.3,56
2010-22 不倫への態度別,時々悪い,女,45.5,195
2010-22 不倫への態度別,時々悪い,男,39.4,201
