調査,項目,男(%),女(%),男の人数,女の人数
raison2025,自分以外の異性と性的関係を持ったら,54.40,64.43,3305,3500
raison2025,自分以外の異性とキスやハグをしたら,44.11,59.77,3305,3500
raison2025,異性に恋愛感情を抱いている様子がみられたら,34.95,54.91,3305,3500
raison2025,異性と頻繁に親しく2人きりで会うようになったら,34.89,52.14,3305,3500
raison2025,パパ活やママ活で性的関係を持ったら,35.79,49.17,3305,3500
raison2025,自分に秘密にして異性と会ったら,32.19,48.46,3305,3500
raison2025,自分以外の異性と手を繋いだら,29.68,48.63,3305,3500
raison2025,パパ活やママ活で2人きりでデートをしたら,30.56,43.46,3305,3500
raison2025,異性と親しく2人きりで会ったら,27.29,40.11,3305,3500
raison2025,異性と親しく頻繁に連絡を取り合ったら,24.36,34.94,3305,3500
raison2025,異性と親しく2人きりで食事をしたら,21.45,34.26,3305,3500
raison2025,性風俗を利用したら,17.13,30.83,3305,3500
raison2025,キャバクラやホストクラブなど、異性が接待するお店を利用したら,11.26,19.14,3305,3500
albona2023,性行為,82.6,85.9,1000,1000
albona2023,キス,72.5,72.5,1000,1000
albona2023,妊娠,68.8,75.4,1000,1000
albona2023,外泊,66.3,73.2,1000,1000
albona2023,手を繋ぐ,54.5,59.4,1000,1000
albona2023,デート,49.0,66.9,1000,1000
albona2023,気持ちが動いたら,38.8,71.3,1000,1000
albona2023,ふたりきりで食事,29.4,39.2,1000,1000
albona2023,ボディタッチ,26.1,33.4,1000,1000
albona2023,連絡をとる,10.8,24.6,1000,1000
