調査,項目,男(%),女(%),男×女で食い違う(%),男×男(%),女×女(%)
raison2025,自分以外の異性と性的関係を持ったら,54.40,64.43,48.7,49.6,45.8
raison2025,自分以外の異性とキスやハグをしたら,44.11,59.77,51.2,49.3,48.1
raison2025,異性に恋愛感情を抱いている様子がみられたら,34.95,54.91,51.5,45.5,49.5
raison2025,異性と頻繁に親しく2人きりで会うようになったら,34.89,52.14,50.6,45.4,49.9
raison2025,パパ活やママ活で性的関係を持ったら,35.79,49.17,49.8,46.0,50.0
raison2025,自分に秘密にして異性と会ったら,32.19,48.46,49.5,43.7,50.0
raison2025,自分以外の異性と手を繋いだら,29.68,48.63,49.4,41.7,50.0
raison2025,パパ活やママ活で2人きりでデートをしたら,30.56,43.46,47.5,42.4,49.1
raison2025,異性と親しく2人きりで会ったら,27.29,40.11,45.5,39.7,48.0
raison2025,異性と親しく頻繁に連絡を取り合ったら,24.36,34.94,42.3,36.9,45.5
raison2025,異性と親しく2人きりで食事をしたら,21.45,34.26,41.0,33.7,45.0
raison2025,性風俗を利用したら,17.13,30.83,37.4,28.4,42.7
raison2025,キャバクラやホストクラブなど、異性が接待するお店を利用したら,11.26,19.14,26.1,20.0,31.0
albona2023,性行為,82.6,85.9,26.6,28.7,24.2
albona2023,キス,72.5,72.5,39.9,39.9,39.9
albona2023,妊娠,68.8,75.4,40.4,42.9,37.1
albona2023,外泊,66.3,73.2,42.4,44.7,39.2
albona2023,手を繋ぐ,54.5,59.4,49.2,49.6,48.2
albona2023,デート,49.0,66.9,50.3,50.0,44.3
albona2023,気持ちが動いたら,38.8,71.3,54.8,47.5,40.9
albona2023,ふたりきりで食事,29.4,39.2,45.6,41.5,47.7
albona2023,ボディタッチ,26.1,33.4,42.1,38.6,44.5
albona2023,連絡をとる,10.8,24.6,30.1,19.3,37.1
raison2025,全13項目が一致（独立と仮定）男×女,,,0.035,,
raison2025,全13項目が一致（独立と仮定）男×男,,,0.112,,
raison2025,全13項目が一致（独立と仮定）女×女,,,0.028,,
albona2023,全10項目が一致（独立と仮定）男×女,,,0.381,,
albona2023,全10項目が一致（独立と仮定）男×男,,,0.519,,
albona2023,全10項目が一致（独立と仮定）女×女,,,0.542,,
