要素,水準,人数,浮気だとした項目の数（32項目の平均）／割合(%),95%区間
誰の行動か,自分の行動,212,14.8,"(14.2, 15.5)"
誰の行動か,パートナーの行動,231,14.9,"(14.3, 15.7)"
誰の行動か,他人の行動,231,14.4,"(13.6, 15.1)"
誰の行動か×性別,自分の行動・男,100,14.2,"(13.2, 15.3)"
誰の行動か×性別,自分の行動・女,112,15.4,"(14.4, 16.3)"
誰の行動か×性別,パートナーの行動・男,99,13.5,"(12.5, 14.5)"
誰の行動か×性別,パートナーの行動・女,132,16.1,"(15.1, 17.0)"
自分の浮気の経験,0人,239,14.8,"(14.2, 15.4)"
自分の浮気の経験,1人以上,430,14.6,"(14.1, 15.1)"
自分の浮気の経験,3人以上,291,14.4,"(13.8, 15.1)"
性別,男,305,13.8,"(13.2, 14.4)"
性別,女,368,15.5,"(15.0, 16.1)"
年齢,18〜29,213,15.0,"(14.3, 15.7)"
年齢,30〜39,258,14.6,"(13.9, 15.3)"
年齢,40〜49,143,14.5,"(13.6, 15.3)"
年齢,50〜99,60,14.7,"(13.3, 16.1)"
交際の満足度,まったく,16,14.7,"(12.4, 17.2)"
交際の満足度,少し,70,14.5,"(13.2, 15.7)"
交際の満足度,まあまあ,188,14.8,"(14.0, 15.7)"
交際の満足度,とても,399,14.7,"(14.2, 15.2)"
交際の長さ,1年未満,77,14.4,"(13.2, 15.6)"
交際の長さ,1〜5年,220,15.0,"(14.3, 15.8)"
交際の長さ,5年以上,363,14.6,"(14.0, 15.2)"
浮気の経験1人以上の割合,男,303,64.7,
浮気の経験1人以上の割合,女,365,63.8,
浮気の経験1人以上の割合,満足度 とても,397,61.2,
浮気の経験1人以上の割合,満足度 まあまあ以下,271,68.6,
浮気の経験1人以上の割合,18〜29歳,213,66.2,
浮気の経験1人以上の割合,30歳以上,456,63.4,
