条件,項目数,組み合わせ,男の人数,女の人数,組の数,全項目一致(%),食い違う項目数の平均
all,32,男×女,272,282,76704,0.587,9.33
all,32,男×男,272,282,36856,0.86,8.85
all,32,女×女,272,282,39621,0.374,9.34
all,32,男×女（独立と仮定した掛け算）,272,282,,0.00115,
all,12,男×女,272,282,76704,5.414,3.82
all,12,男×男,272,282,36856,6.949,3.42
all,12,女×女,272,282,39621,4.354,3.99
all,12,男×女（独立と仮定した掛け算）,272,282,,0.89116,
partner,32,男×女,88,103,9064,0.232,10.21
partner,32,男×男,88,103,3828,0.287,9.74
partner,32,女×女,88,103,5253,0.267,10.1
partner,32,男×女（独立と仮定した掛け算）,88,103,,0.0003,
partner,12,男×女,88,103,9064,3.519,4.05
partner,12,男×男,88,103,3828,4.467,3.6
partner,12,女×女,88,103,5253,2.741,4.23
partner,12,男×女（独立と仮定した掛け算）,88,103,,0.63733,
