項目,男 浮気だ(%),女 浮気だ(%),男×女で食い違う確率(%),男×男(%),女×女(%)
DIQ_1S,90.9,95.1,13.1,16.5,9.2
DIQ_2S,87.5,92.2,18.3,21.9,14.3
DIQ_3S,89.8,93.2,15.6,18.4,12.7
DIQ_4S,87.5,95.1,16.1,21.9,9.2
DIQ_5S,83.0,96.1,19.6,28.3,7.5
DIQ_6S,87.5,92.2,18.3,21.9,14.3
DIQ_7S,86.4,91.3,20.0,23.6,15.9
DIQ_8T,79.5,89.3,26.8,32.5,19.1
DIQ_9T,72.7,81.6,35.7,39.7,30.1
DIQ_10T,58.0,75.7,45.9,48.7,36.8
DIQ_11T,69.3,84.5,36.7,42.5,26.2
DIQ_12T,63.6,80.6,41.7,46.3,31.3
DIQ_13T,48.9,61.2,50.3,50.0,47.5
DIQ_14T,52.3,61.2,49.5,49.9,47.5
DIQ_15A,17.0,37.9,42.0,28.3,47.1
DIQ_16A,15.9,30.1,36.4,26.8,42.1
DIQ_17A,17.0,28.2,35.6,28.3,40.5
DIQ_18A,11.4,13.6,21.9,20.1,23.5
DIQ_19A,18.2,35.9,41.0,29.8,46.0
DIQ_20A,12.5,19.4,27.1,21.9,31.3
DIQ_21A,18.2,32.0,38.6,29.8,43.5
DIQ_22A,15.9,20.4,29.8,26.8,32.5
DIQ_23A,18.2,31.1,38.0,29.8,42.8
DIQ_24A,12.5,18.4,26.3,21.9,30.1
DIQI_25A,15.9,22.3,31.1,26.8,34.7
DIQ_26A,14.8,32.0,37.3,25.2,43.5
DIQ_27SO,13.6,23.3,30.6,23.6,35.7
DIQ_28SO,17.0,18.4,29.2,28.3,30.1
DIQ_29SO,6.8,12.6,17.7,12.7,22.1
DIQ_30SO,19.3,22.3,33.0,31.2,34.7
DIQ_31SO,33.0,41.7,47.2,44.2,48.6
DIQ_32SO,36.4,51.5,50.4,46.3,50.0
