項目,男 浮気だ(%),女 浮気だ(%),男×女 食い違う(%),男×男(%),女×女(%),男男−女女(ポイント),95%区間
DIQ_1S,93.4,94.7,11.2,12.4,10.1,2.3,"(-4.3, 9.7)"
DIQ_2S,91.5,93.3,14.1,15.5,12.6,2.9,"(-4.4, 10.1)"
DIQ_3S,91.5,95.4,12.3,15.5,8.8,6.7,"(-0.4, 13.4)"
DIQ_4S,92.3,95.0,11.9,14.2,9.4,4.8,"(-2.2, 12.1)"
DIQ_5S,87.1,94.7,16.8,22.4,10.1,12.4,"(4.8, 19.1)"
DIQ_6S,88.2,91.5,18.3,20.8,15.6,5.2,"(-2.5, 13.1)"
DIQ_7S,88.2,94.0,16.4,20.8,11.3,9.4,"(2.3, 16.9)"
DIQ_8T,82.0,90.4,24.1,29.5,17.3,12.2,"(4.3, 19.6)"
DIQ_9T,73.9,82.3,34.6,38.6,29.2,9.4,"(1.7, 17.0)"
DIQ_10T,63.2,79.1,42.3,46.5,33.1,13.4,"(7.3, 19.9)"
DIQ_11T,77.2,84.8,31.1,35.2,25.8,9.4,"(1.7, 17.2)"
DIQ_12T,60.3,77.0,44.5,47.9,35.5,12.4,"(6.6, 18.2)"
DIQ_13T,56.2,66.0,48.0,49.2,44.9,4.3,"(0.8, 8.3)"
DIQ_14T,68.4,75.2,40.7,43.2,37.3,5.9,"(-0.4, 12.6)"
DIQ_15A,18.8,35.8,41.1,30.5,46.0,-15.5,"(-21.9, -9.7)"
DIQ_16A,16.2,31.6,37.5,27.1,43.2,-16.1,"(-22.8, -8.5)"
DIQ_17A,15.8,23.4,31.8,26.6,35.9,-9.2,"(-17.1, -0.9)"
DIQ_18A,12.1,14.9,23.4,21.3,25.4,-4.0,"(-12.6, 4.4)"
DIQ_19A,22.1,35.1,41.7,34.4,45.6,-11.2,"(-17.7, -5.0)"
DIQ_20A,11.8,15.6,23.7,20.8,26.3,-5.6,"(-13.6, 3.3)"
DIQ_21A,17.6,32.3,38.5,29.1,43.7,-14.6,"(-20.9, -7.4)"
DIQ_22A,16.2,19.5,29.4,27.1,31.4,-4.3,"(-12.3, 3.9)"
DIQ_23A,22.4,31.2,39.6,34.8,42.9,-8.1,"(-15.1, -1.1)"
DIQ_24A,7.7,13.5,19.1,14.2,23.3,-9.1,"(-16.7, -1.5)"
DIQI_25A,11.0,21.6,27.9,19.6,33.9,-14.3,"(-22.3, -6.5)"
DIQ_26A,14.7,32.3,37.5,25.1,43.7,-18.6,"(-25.2, -11.3)"
DIQ_27SO,17.6,24.5,33.5,29.1,37.0,-7.9,"(-16.0, 0.4)"
DIQ_28SO,15.1,13.8,24.7,25.6,23.8,1.8,"(-6.7, 10.0)"
DIQ_29SO,12.1,13.8,22.6,21.3,23.8,-2.5,"(-11.2, 5.9)"
DIQ_30SO,14.0,20.2,28.5,24.0,32.3,-8.2,"(-16.6, -0.6)"
DIQ_31SO,15.8,19.5,29.1,26.6,31.4,-4.8,"(-13.0, 3.1)"
DIQ_32SO,20.6,27.7,36.9,32.7,40.0,-7.3,"(-14.8, -0.1)"
