年,被害額_億円,偽造_億円,番号盗用_億円,その他_億円,番号盗用の構成比_%,ショッピング信用供与額_億円,不正利用発生率_%,系列,出典,メモ
1997,188.0,12.0,,176.0,,,,旧方式(1997-2013),https://www.j-credit.or.jp/information/statistics/download/toukei_03_g.pdf 別紙p.2 参考3,2013年以前は番号盗用の内訳なし（その他に含む）。2014年以降と連続しない
1998,216.0,28.0,,188.0,,,,旧方式(1997-2013),https://www.j-credit.or.jp/information/statistics/download/toukei_03_g.pdf 別紙p.2 参考3,2013年以前は番号盗用の内訳なし（その他に含む）。2014年以降と連続しない
1999,271.7,90.9,,180.7,,,,旧方式(1997-2013),https://www.j-credit.or.jp/information/statistics/download/toukei_03_g.pdf 別紙p.2 参考3,2013年以前は番号盗用の内訳なし（その他に含む）。2014年以降と連続しない
2000,308.7,140.2,,168.5,,,,旧方式(1997-2013),https://www.j-credit.or.jp/information/statistics/download/toukei_03_g.pdf 別紙p.2 参考3,2013年以前は番号盗用の内訳なし（その他に含む）。2014年以降と連続しない
2001,275.7,146.4,,129.3,,,,旧方式(1997-2013),https://www.j-credit.or.jp/information/statistics/download/toukei_03_g.pdf 別紙p.2 参考3,2013年以前は番号盗用の内訳なし（その他に含む）。2014年以降と連続しない
2002,291.4,165.0,,126.4,,,,旧方式(1997-2013),https://www.j-credit.or.jp/information/statistics/download/toukei_03_g.pdf 別紙p.2 参考3,2013年以前は番号盗用の内訳なし（その他に含む）。2014年以降と連続しない
2003,271.8,164.4,,107.4,,,,旧方式(1997-2013),https://www.j-credit.or.jp/information/statistics/download/toukei_03_g.pdf 別紙p.2 参考3,2013年以前は番号盗用の内訳なし（その他に含む）。2014年以降と連続しない
2004,186.4,105.6,,80.8,,,,旧方式(1997-2013),https://www.j-credit.or.jp/information/statistics/download/toukei_03_g.pdf 別紙p.2 参考3,2013年以前は番号盗用の内訳なし（その他に含む）。2014年以降と連続しない
2005,150.4,83.4,,67.0,,,,旧方式(1997-2013),https://www.j-credit.or.jp/information/statistics/download/toukei_03_g.pdf 別紙p.2 参考3,2013年以前は番号盗用の内訳なし（その他に含む）。2014年以降と連続しない
2006,105.3,45.6,,59.7,,,,旧方式(1997-2013),https://www.j-credit.or.jp/information/statistics/download/toukei_03_g.pdf 別紙p.2 参考3,2013年以前は番号盗用の内訳なし（その他に含む）。2014年以降と連続しない
2007,91.8,39.1,,52.7,,,,旧方式(1997-2013),https://www.j-credit.or.jp/information/statistics/download/toukei_03_g.pdf 別紙p.2 参考3,2013年以前は番号盗用の内訳なし（その他に含む）。2014年以降と連続しない
2008,104.1,52.5,,51.6,,,,旧方式(1997-2013),https://www.j-credit.or.jp/information/statistics/download/toukei_03_g.pdf 別紙p.2 参考3,2013年以前は番号盗用の内訳なし（その他に含む）。2014年以降と連続しない
2009,101.6,49.2,,52.4,,,,旧方式(1997-2013),https://www.j-credit.or.jp/information/statistics/download/toukei_03_g.pdf 別紙p.2 参考3,2013年以前は番号盗用の内訳なし（その他に含む）。2014年以降と連続しない
2010,92.1,41.3,,50.8,,,,旧方式(1997-2013),https://www.j-credit.or.jp/information/statistics/download/toukei_03_g.pdf 別紙p.2 参考3,2013年以前は番号盗用の内訳なし（その他に含む）。2014年以降と連続しない
2011,78.1,25.8,,52.3,,,,旧方式(1997-2013),https://www.j-credit.or.jp/information/statistics/download/toukei_03_g.pdf 別紙p.2 参考3,2013年以前は番号盗用の内訳なし（その他に含む）。2014年以降と連続しない
2012,68.1,24.1,,44.0,,,,旧方式(1997-2013),https://www.j-credit.or.jp/information/statistics/download/toukei_03_g.pdf 別紙p.2 参考3,2013年以前は番号盗用の内訳なし（その他に含む）。2014年以降と連続しない
2013,78.6,25.8,,52.8,,,,旧方式(1997-2013),https://www.j-credit.or.jp/information/statistics/download/toukei_03_g.pdf 別紙p.2 参考3,2013年以前は番号盗用の内訳なし（その他に含む）。2014年以降と連続しない
2014,114.5,19.5,67.3,27.7,58.8,,,新方式(2014-2025),https://www.j-credit.or.jp/information/statistics/download/toukei_03_g.pdf 別紙p.2 参考3,海外発行カード分は含まない。キャッシング含む
2015,120.9,23.1,72.2,25.6,59.7,,,新方式(2014-2025),https://www.j-credit.or.jp/information/statistics/download/toukei_03_g.pdf 別紙p.2 参考3,海外発行カード分は含まない。キャッシング含む
2016,142.0,30.6,88.9,22.5,62.6,,,新方式(2014-2025),https://www.j-credit.or.jp/information/statistics/download/toukei_03_g.pdf 別紙p.2 参考3,海外発行カード分は含まない。キャッシング含む
2017,236.4,31.7,176.7,28.0,74.7,,,新方式(2014-2025),https://www.j-credit.or.jp/information/statistics/download/toukei_03_g.pdf 別紙p.2 参考3,海外発行カード分は含まない。キャッシング含む
2018,235.4,16.0,187.6,31.8,79.7,,,新方式(2014-2025),https://www.j-credit.or.jp/information/statistics/download/toukei_03_g.pdf 別紙p.2 参考3,海外発行カード分は含まない。キャッシング含む
2019,274.1,17.8,222.9,33.4,81.3,734311,0.037,新方式(2014-2025),https://www.j-credit.or.jp/information/statistics/download/toukei_03_g.pdf 別紙p.2 参考3 / 発生率: https://www.j-credit.or.jp/information/statistics/download/toukei_03_4_i.pdf,海外発行カード分は含まない。キャッシング含む
2020,253.0,8.0,223.6,21.4,88.4,744576,0.034,新方式(2014-2025),https://www.j-credit.or.jp/information/statistics/download/toukei_03_g.pdf 別紙p.2 参考3 / 発生率: https://www.j-credit.or.jp/information/statistics/download/toukei_03_4_i.pdf,海外発行カード分は含まない。キャッシング含む
2021,330.1,1.5,311.7,16.9,94.4,810173,0.041,新方式(2014-2025),https://www.j-credit.or.jp/information/statistics/download/toukei_03_g.pdf 別紙p.2 参考3 / 発生率: https://www.j-credit.or.jp/information/statistics/download/toukei_03_4_i.pdf,海外発行カード分は含まない。キャッシング含む
2022,436.7,1.7,411.7,23.3,94.3,937926,0.047,新方式(2014-2025),https://www.j-credit.or.jp/information/statistics/download/toukei_03_g.pdf 別紙p.2 参考3 / 発生率: https://www.j-credit.or.jp/information/statistics/download/toukei_03_4_i.pdf,海外発行カード分は含まない。キャッシング含む
2023,540.9,3.1,504.7,33.1,93.3,1057272,0.051,新方式(2014-2025),https://www.j-credit.or.jp/information/statistics/download/toukei_03_g.pdf 別紙p.2 参考3 / 発生率: https://www.j-credit.or.jp/information/statistics/download/toukei_03_4_i.pdf,海外発行カード分は含まない。キャッシング含む
2024,555.0,5.9,513.5,35.6,92.5,1168924,0.047,新方式(2014-2025),https://www.j-credit.or.jp/information/statistics/download/toukei_03_g.pdf 別紙p.2 参考3 / 発生率: https://www.j-credit.or.jp/information/statistics/download/toukei_03_4_i.pdf,海外発行カード分は含まない。キャッシング含む
2025,510.5,7.2,475.4,27.9,93.1,1345861,0.038,新方式(2014-2025),https://www.j-credit.or.jp/information/statistics/download/toukei_03_g.pdf 別紙p.2 参考3 / 発生率: https://www.j-credit.or.jp/information/statistics/download/toukei_03_4_i.pdf,海外発行カード分は含まない。キャッシング含む
2026上半期,221.3,2.9,206.1,12.3,93.1,709120,0.031,2026年から調査方法変更(48社),https://www.j-credit.or.jp/information/statistics/download/toukei_03_g.pdf 別紙p.1,1〜6月のみ。2025年以前と連続しない（主要事業者48社ベース）
