year,wareki,total_arrests,unauthorized_access_act,computer_crimes,other,source,page,url
2016,H28,8324,502,374,7448,警察庁「令和7年におけるサイバー空間をめぐる脅威の情勢等について」(2026年3月),本文45頁 図表38・統計編145頁,https://www.npa.go.jp/publications/statistics/cybersecurity/data/R7/R07_jousei_data.xlsx
2017,H29,9014,648,355,8011,警察庁「令和7年におけるサイバー空間をめぐる脅威の情勢等について」(2026年3月),本文45頁 図表38・統計編145頁,https://www.npa.go.jp/publications/statistics/cybersecurity/data/R7/R07_jousei_data.xlsx
2018,H30,9040,564,349,8127,警察庁「令和7年におけるサイバー空間をめぐる脅威の情勢等について」(2026年3月),本文45頁 図表38・統計編145頁,https://www.npa.go.jp/publications/statistics/cybersecurity/data/R7/R07_jousei_data.xlsx
2019,R1,9519,816,436,8267,警察庁「令和7年におけるサイバー空間をめぐる脅威の情勢等について」(2026年3月),本文45頁 図表38・統計編145頁,https://www.npa.go.jp/publications/statistics/cybersecurity/data/R7/R07_jousei_data.xlsx
2020,R2,9875,609,563,8703,警察庁「令和7年におけるサイバー空間をめぐる脅威の情勢等について」(2026年3月),本文45頁 図表38・統計編145頁,https://www.npa.go.jp/publications/statistics/cybersecurity/data/R7/R07_jousei_data.xlsx
2021,R3,12209,429,729,11051,警察庁「令和7年におけるサイバー空間をめぐる脅威の情勢等について」(2026年3月),本文45頁 図表38・統計編145頁,https://www.npa.go.jp/publications/statistics/cybersecurity/data/R7/R07_jousei_data.xlsx
2022,R4,12369,522,948,10899,警察庁「令和7年におけるサイバー空間をめぐる脅威の情勢等について」(2026年3月),本文45頁 図表38・統計編145頁,https://www.npa.go.jp/publications/statistics/cybersecurity/data/R7/R07_jousei_data.xlsx
2023,R5,12479,521,1000,10958,警察庁「令和7年におけるサイバー空間をめぐる脅威の情勢等について」(2026年3月),本文45頁 図表38・統計編145頁,https://www.npa.go.jp/publications/statistics/cybersecurity/data/R7/R07_jousei_data.xlsx
2024,R6,13164,563,1155,11446,警察庁「令和7年におけるサイバー空間をめぐる脅威の情勢等について」(2026年3月),本文45頁 図表38・統計編145頁,https://www.npa.go.jp/publications/statistics/cybersecurity/data/R7/R07_jousei_data.xlsx
2025,R7,15108,431,1253,13424,警察庁「令和7年におけるサイバー空間をめぐる脅威の情勢等について」(2026年3月),本文45頁 図表38・統計編145頁,https://www.npa.go.jp/publications/statistics/cybersecurity/data/R7/R07_jousei_data.xlsx
