half,ransomware_reports,noware_ransom_reports,source,page,url
2020H2,21,,警察庁「令和7年におけるサイバー空間をめぐる脅威の情勢等について」(2026年3月),統計編120頁,https://www.npa.go.jp/publications/statistics/cybersecurity/data/R7/R07_jousei_data.xlsx
2021H1,61,,警察庁「令和7年におけるサイバー空間をめぐる脅威の情勢等について」(2026年3月),統計編120頁,https://www.npa.go.jp/publications/statistics/cybersecurity/data/R7/R07_jousei_data.xlsx
2021H2,85,,警察庁「令和7年におけるサイバー空間をめぐる脅威の情勢等について」(2026年3月),統計編120頁,https://www.npa.go.jp/publications/statistics/cybersecurity/data/R7/R07_jousei_data.xlsx
2022H1,114,,警察庁「令和7年におけるサイバー空間をめぐる脅威の情勢等について」(2026年3月),統計編120頁,https://www.npa.go.jp/publications/statistics/cybersecurity/data/R7/R07_jousei_data.xlsx
2022H2,116,,警察庁「令和7年におけるサイバー空間をめぐる脅威の情勢等について」(2026年3月),統計編120頁,https://www.npa.go.jp/publications/statistics/cybersecurity/data/R7/R07_jousei_data.xlsx
2023H1,103,9,警察庁「令和7年におけるサイバー空間をめぐる脅威の情勢等について」(2026年3月),統計編120頁,https://www.npa.go.jp/publications/statistics/cybersecurity/data/R7/R07_jousei_data.xlsx
2023H2,94,21,警察庁「令和7年におけるサイバー空間をめぐる脅威の情勢等について」(2026年3月),統計編120頁,https://www.npa.go.jp/publications/statistics/cybersecurity/data/R7/R07_jousei_data.xlsx
2024H1,114,14,警察庁「令和7年におけるサイバー空間をめぐる脅威の情勢等について」(2026年3月),統計編120頁,https://www.npa.go.jp/publications/statistics/cybersecurity/data/R7/R07_jousei_data.xlsx
2024H2,108,8,警察庁「令和7年におけるサイバー空間をめぐる脅威の情勢等について」(2026年3月),統計編120頁,https://www.npa.go.jp/publications/statistics/cybersecurity/data/R7/R07_jousei_data.xlsx
2025H1,116,8,警察庁「令和7年におけるサイバー空間をめぐる脅威の情勢等について」(2026年3月),統計編120頁,https://www.npa.go.jp/publications/statistics/cybersecurity/data/R7/R07_jousei_data.xlsx
2025H2,110,9,警察庁「令和7年におけるサイバー空間をめぐる脅威の情勢等について」(2026年3月),統計編120頁,https://www.npa.go.jp/publications/statistics/cybersecurity/data/R7/R07_jousei_data.xlsx
2026H1,123,,警察庁「令和8年上半期におけるサイバー空間をめぐる脅威の情勢等について」,本文9頁(半期で過去最多),https://www.npa.go.jp/publications/statistics/cybersecurity/data/R8kami/R08_kami_cyber_jousei.pdf
