年度,西暦の年度,期間,系列,数え方,件数,うち委員会直接,うち委任先省庁経由,うち認定団体経由,参考_任意の報告等,小規模の基準,小規模の件数,小規模の割合%,5万人超(50001人以上)の件数,5万人超の割合%,人数不明の件数,前年度比%,資料,表・ページ,URL,一次か二次か,メモ
平成17年度,2005,4/1〜翌3/31,消費者庁（旧制度）,事業者が公表した漏えい事案のうち各主務大臣が把握し消費者庁に報告されたもの,1556,,,,,,,,,,,,平成26年度 個人情報の保護に関する法律の施行状況の概要（消費者委員会 第206回 資料2-2-1）,２．事業者からの個人情報漏えい事案の状況（１）【参考】,https://www.cao.go.jp/consumer/iinkai/2015/206/doc/20151112_shiryou2_2_1.pdf,一次,
平成18年度,2006,4/1〜翌3/31,消費者庁（旧制度）,事業者が公表した漏えい事案のうち各主務大臣が把握し消費者庁に報告されたもの,893,,,,,,,,,,,,平成26年度 個人情報の保護に関する法律の施行状況の概要（消費者委員会 第206回 資料2-2-1）,２．事業者からの個人情報漏えい事案の状況（１）【参考】,https://www.cao.go.jp/consumer/iinkai/2015/206/doc/20151112_shiryou2_2_1.pdf,一次,
平成19年度,2007,4/1〜翌3/31,消費者庁（旧制度）,事業者が公表した漏えい事案のうち各主務大臣が把握し消費者庁に報告されたもの,848,,,,,,,,,,,,平成26年度 個人情報の保護に関する法律の施行状況の概要（消費者委員会 第206回 資料2-2-1）,２．事業者からの個人情報漏えい事案の状況（１）【参考】,https://www.cao.go.jp/consumer/iinkai/2015/206/doc/20151112_shiryou2_2_1.pdf,一次,
平成20年度,2008,4/1〜翌3/31,消費者庁（旧制度）,事業者が公表した漏えい事案のうち各主務大臣が把握し消費者庁に報告されたもの,538,,,,,,,,,,,,平成26年度 個人情報の保護に関する法律の施行状況の概要（消費者委員会 第206回 資料2-2-1）,２．事業者からの個人情報漏えい事案の状況（１）【参考】,https://www.cao.go.jp/consumer/iinkai/2015/206/doc/20151112_shiryou2_2_1.pdf,一次,
平成21年度,2009,4/1〜翌3/31,消費者庁（旧制度）,事業者が公表した漏えい事案のうち各主務大臣が把握し消費者庁に報告されたもの,490,,,,,,,,,,,,平成26年度 個人情報の保護に関する法律の施行状況の概要（消費者委員会 第206回 資料2-2-1）,２．事業者からの個人情報漏えい事案の状況（１）【参考】,https://www.cao.go.jp/consumer/iinkai/2015/206/doc/20151112_shiryou2_2_1.pdf,一次,
平成22年度,2010,4/1〜翌3/31,消費者庁（旧制度）,事業者が公表した漏えい事案のうち各主務大臣が把握し消費者庁に報告されたもの,413,,,,,,,,,,,,平成26年度 個人情報の保護に関する法律の施行状況の概要（消費者委員会 第206回 資料2-2-1）,２．事業者からの個人情報漏えい事案の状況（１）【参考】,https://www.cao.go.jp/consumer/iinkai/2015/206/doc/20151112_shiryou2_2_1.pdf,一次,
平成23年度,2011,4/1〜翌3/31,消費者庁（旧制度）,事業者が公表した漏えい事案のうち各主務大臣が把握し消費者庁に報告されたもの,420,,,,,,,,,,,,平成26年度 個人情報の保護に関する法律の施行状況の概要（消費者委員会 第206回 資料2-2-1）,２．事業者からの個人情報漏えい事案の状況（１）【参考】,https://www.cao.go.jp/consumer/iinkai/2015/206/doc/20151112_shiryou2_2_1.pdf,一次,
平成24年度,2012,4/1〜翌3/31,消費者庁（旧制度）,事業者が公表した漏えい事案のうち各主務大臣が把握し消費者庁に報告されたもの,319,,,,,,,,,,,,平成26年度 個人情報の保護に関する法律の施行状況の概要（消費者委員会 第206回 資料2-2-1）,２．事業者からの個人情報漏えい事案の状況（１）【参考】,https://www.cao.go.jp/consumer/iinkai/2015/206/doc/20151112_shiryou2_2_1.pdf,一次,
平成25年度,2013,4/1〜翌3/31,消費者庁（旧制度）,事業者が公表した漏えい事案のうち各主務大臣が把握し消費者庁に報告されたもの,366,,,,,500人以下,243,66.4,18,4.9,2,,平成26年度 個人情報の保護に関する法律の施行状況の概要（消費者委員会 第206回 資料2-2-1）,表９ 漏えいした人数（参考 平成25年度）,https://www.cao.go.jp/consumer/iinkai/2015/206/doc/20151112_shiryou2_2_1.pdf,一次,
平成26年度,2014,4/1〜翌3/31,消費者庁（旧制度）,事業者が公表した漏えい事案のうち各主務大臣が把握し消費者庁に報告されたもの,338,,,,,500人以下,231,68.3,11,3.3,3,,平成26年度 個人情報の保護に関する法律の施行状況の概要（消費者委員会 第206回 資料2-2-1）,表９ 漏えいした人数,https://www.cao.go.jp/consumer/iinkai/2015/206/doc/20151112_shiryou2_2_1.pdf,一次,
平成27年度,2015,,（移行期）,未確認,未確認,,,,,,,,,,,,,,,,平成28年度年次報告PDFは文字が取り出せず未確認。平成27年度の消費者庁資料も未確認
平成28年度,2016,,（移行期）,未確認,未確認,,,,,,,,,,,,,,,,平成28年度年次報告PDFは文字が取り出せず未確認。平成27年度の消費者庁資料も未確認
平成29年度,2017,2017/5/30〜2018/3/31,個人情報保護委員会,法第26条（義務化前は告示）に基づく個人データの漏えい等の報告。民間事業者分,3338,694,1142,1502,,,,,,,,,平成29年度 個人情報保護委員会年次報告,第2章 監督に係る処理状況（１）,https://www.ppc.go.jp/files/pdf/300612_annual_report_h29.pdf,一次,報告は努力義務（告示）。期間は全面施行日からの約10か月
平成30年度,2018,4/1〜翌3/31,個人情報保護委員会,法第26条（義務化前は告示）に基づく個人データの漏えい等の報告。民間事業者分,4380,1216,1325,1839,,,,,,,,31.2,平成30年度 個人情報保護委員会年次報告,個人情報取扱事業者等に対する監督（本文）,https://www.ppc.go.jp/files/pdf/010611_annual_report_h30.pdf,一次,報告は努力義務
令和元年度,2019,4/1〜翌3/31,個人情報保護委員会,法第26条（義務化前は告示）に基づく個人データの漏えい等の報告。民間事業者分,4520,1066,1519,1935,,,,,,,,3.2,令和元年度 個人情報保護委員会年次報告,本文（付章５）,https://www.ppc.go.jp/files/pdf/020612_annual_report_r1.pdf,一次,報告は努力義務
令和2年度,2020,4/1〜翌3/31,個人情報保護委員会,法第26条（義務化前は告示）に基づく個人データの漏えい等の報告。民間事業者分,4141,1027,1122,1992,,500人以下,,91.3,,,,-8.4,令和2年度 個人情報保護委員会年次報告,本文（付表２（１））,https://www.ppc.go.jp/files/pdf/030611_annual_report.pdf,一次,報告は努力義務
令和3年度,2021,4/1〜翌3/31,個人情報保護委員会,法第26条（義務化前は告示）に基づく個人データの漏えい等の報告。民間事業者分,5846,1042,2386,2418,,500人以下,5357,91.6,59,1.0,81,41.2,令和3年度 個人情報保護委員会年次報告,付表 ①漏えい等した人数,https://www.ppc.go.jp/files/pdf/040610_annual_report.pdf,一次,"報告は努力義務。5万人超の欄は『50,001人以上』"
令和4年度,2022,4/1〜翌3/31,個人情報保護委員会,法第26条（義務化前は告示）に基づく個人データの漏えい等の報告。民間事業者分,7685,4217,3468,,,"1,000人以下",7206,93.8,42,0.5,136,31.5,令和4年度 個人情報保護委員会年次報告,付表 漏えい等した人数,https://www.ppc.go.jp/files/pdf/050609_annual_report.pdf,一次,2022/4/1 改正法施行で報告が義務に。以降は義務の対象だけを計上
令和5年度,2023,4/1〜翌3/31,個人情報保護委員会,法第26条（義務化前は告示）に基づく個人データの漏えい等の報告。民間事業者分,12120,7075,5045,,,"1,000人以下",11635,96.0,61,0.5,46,57.7,令和5年度 個人情報保護委員会年次報告,付表 漏えい等した人数,https://www.ppc.go.jp/files/pdf/060611_annual_report.pdf,一次,
令和6年度,2024,4/1〜翌3/31,個人情報保護委員会,法第26条（義務化前は告示）に基づく個人データの漏えい等の報告。民間事業者分,19056,14198,4858,,1436,"1,000人以下",16822,88.3,144,0.8,825,57.2,令和6年度 個人情報保護委員会年次報告,本文p.8〜9／付表p.31〜32,https://www.ppc.go.jp/files/pdf/070610_annual_report.pdf,一次,"エムケイシステム事案の報告2,745件を含む（除くと16,311件）"
令和7年度,2025,4/1〜翌3/31,個人情報保護委員会,法第26条（義務化前は告示）に基づく個人データの漏えい等の報告。民間事業者分,17139,13345,3794,,1893,"1,000人以下",16043,93.6,121,0.7,233,-10.1,令和7年度 個人情報保護委員会年次報告,本文p.38／付表p.39〜41,https://www.ppc.go.jp/files/pdf/080707_annual_report.pdf,一次,
