年,事故件数,社数,漏えい・紛失人数(人分),うちウイルス感染・不正アクセスの件数,不正アクセスの件数の割合%,累計件数(TSR公表),累計人数(TSR公表),その年の最大の事故,最大の事故の人数(件),最大の事故が年の人数に占める割合%(計算),資料,表・グラフ,URL,一次か二次か,メモ
2012,71,54,,9,12.7,,,,,,東京商工リサーチ「上場企業の個人情報漏えい・紛失事故」調査 2025年調査（2026/01/30公表）のグラフ,件数・社数＝『漏えい・紛失事故 年次推移』グラフ（2025年調査）、不正アクセス件数＝『ウイルス感染・不正アクセスによる事故 発生推移』グラフ（2024年調査。2025年は本文）、人数＝各年の本文,https://www.tsr-net.co.jp/data/detail/1202348_1527.html,"一次（グラフの読み取りは2025年調査の画像。件数の合計1,634件は本文の累計と一致）",年ごとの人数は未確認（本文に値なし）
2013,107,87,,31,29.0,,,,,,東京商工リサーチ「上場企業の個人情報漏えい・紛失事故」調査 2025年調査（2026/01/30公表）のグラフ,件数・社数＝『漏えい・紛失事故 年次推移』グラフ（2025年調査）、不正アクセス件数＝『ウイルス感染・不正アクセスによる事故 発生推移』グラフ（2024年調査。2025年は本文）、人数＝各年の本文,https://www.tsr-net.co.jp/data/detail/1202348_1527.html,"一次（グラフの読み取りは2025年調査の画像。件数の合計1,634件は本文の累計と一致）","ヤフー（現LINEヤフー）最大2,200万件のIDが2013年5月（人数の年計は未確認）"
2014,70,59,36151467,11,15.7,,,ベネッセHD（ベネッセコーポレーション）,35040000,96.9,東京商工リサーチ「上場企業の個人情報漏えい・紛失事故」調査 2023年調査（2024/01/19公表）,件数・社数＝『漏えい・紛失事故 年次推移』グラフ（2025年調査）、不正アクセス件数＝『ウイルス感染・不正アクセスによる事故 発生推移』グラフ（2024年調査。2025年は本文）、人数＝各年の本文,https://www.tsr-net.co.jp/data/detail/1198311_1527.html,"一次（グラフの読み取りは2025年調査の画像。件数の合計1,634件は本文の累計と一致）","TSR本文は『3,504万人分』。ベネッセ側の数え方では3,504万件＝名簿業者に売却された件数（4,858万人分の推計もある）"
2015,87,69,,10,11.5,,,,,,東京商工リサーチ「上場企業の個人情報漏えい・紛失事故」調査 2025年調査（2026/01/30公表）のグラフ,件数・社数＝『漏えい・紛失事故 年次推移』グラフ（2025年調査）、不正アクセス件数＝『ウイルス感染・不正アクセスによる事故 発生推移』グラフ（2024年調査。2025年は本文）、人数＝各年の本文,https://www.tsr-net.co.jp/data/detail/1202348_1527.html,"一次（グラフの読み取りは2025年調査の画像。件数の合計1,634件は本文の累計と一致）",年ごとの人数は未確認（本文に値なし）
2016,89,77,,22,24.7,424,"7,545万（2012〜2016年の合計。日経に掲載のTSR発表 2017/03/27）",,,,東京商工リサーチ「上場企業の個人情報漏えい・紛失事故」調査 2025年調査（2026/01/30公表）のグラフ,件数・社数＝『漏えい・紛失事故 年次推移』グラフ（2025年調査）、不正アクセス件数＝『ウイルス感染・不正アクセスによる事故 発生推移』グラフ（2024年調査。2025年は本文）、人数＝各年の本文,https://www.tsr-net.co.jp/data/detail/1202348_1527.html,"一次（グラフの読み取りは2025年調査の画像。件数の合計1,634件は本文の累計と一致）",年ごとの人数は未確認（本文に値なし）
2017,90,73,,29,32.2,,,,,,東京商工リサーチ「上場企業の個人情報漏えい・紛失事故」調査 2025年調査（2026/01/30公表）のグラフ,件数・社数＝『漏えい・紛失事故 年次推移』グラフ（2025年調査）、不正アクセス件数＝『ウイルス感染・不正アクセスによる事故 発生推移』グラフ（2024年調査。2025年は本文）、人数＝各年の本文,https://www.tsr-net.co.jp/data/detail/1202348_1527.html,"一次（グラフの読み取りは2025年調査の画像。件数の合計1,634件は本文の累計と一致）",年ごとの人数は未確認（本文に値なし）
2018,85,68,,25,29.4,,,,,,東京商工リサーチ「上場企業の個人情報漏えい・紛失事故」調査 2025年調査（2026/01/30公表）のグラフ,件数・社数＝『漏えい・紛失事故 年次推移』グラフ（2025年調査）、不正アクセス件数＝『ウイルス感染・不正アクセスによる事故 発生推移』グラフ（2024年調査。2025年は本文）、人数＝各年の本文,https://www.tsr-net.co.jp/data/detail/1202348_1527.html,"一次（グラフの読み取りは2025年調査の画像。件数の合計1,634件は本文の累計と一致）",年ごとの人数は未確認（本文に値なし）
2019,86,66,9031734,41,47.7,685,"8,889万",オージス総研（宅ふぁいる便）,4815399,53.3,東京商工リサーチ「上場企業の個人情報漏えい・紛失事故」調査 2019年調査（2020/01/23公表）,件数・社数＝『漏えい・紛失事故 年次推移』グラフ（2025年調査）、不正アクセス件数＝『ウイルス感染・不正アクセスによる事故 発生推移』グラフ（2024年調査。2025年は本文）、人数＝各年の本文,https://www.tsr-net.co.jp/data/detail/1189698_1527.html,"一次（グラフの読み取りは2025年調査の画像。件数の合計1,634件は本文の累計と一致）",本文では『ウイルス感染・不正アクセス』の中での最多として書かれている。全原因の中で最大かは未確認
2020,103,88,25150047,51,49.5,788,"1億1,404万",ソフトバンクグループ（PayPay）,20070000,79.8,東京商工リサーチ「上場企業の個人情報漏えい・紛失事故」調査 2020年調査（2021/01/15公表）,件数・社数＝『漏えい・紛失事故 年次推移』グラフ（2025年調査）、不正アクセス件数＝『ウイルス感染・不正アクセスによる事故 発生推移』グラフ（2024年調査。2025年は本文）、人数＝各年の本文,https://www.tsr-net.co.jp/data/detail/1190399_1527.html,"一次（グラフの読み取りは2025年調査の画像。件数の合計1,634件は本文の累計と一致）","本文では『ウイルス感染・不正アクセス』の中での最多として書かれている。全原因の中で最大かは未確認。TSR本文は『2,007万件』"
2021,137,120,5749773,68,49.6,925,"1億1,979万",ネットマーケティング,1711756,29.8,東京商工リサーチ「上場企業の個人情報漏えい・紛失事故」調査 2021年調査（2022/01/17公表）,件数・社数＝『漏えい・紛失事故 年次推移』グラフ（2025年調査）、不正アクセス件数＝『ウイルス感染・不正アクセスによる事故 発生推移』グラフ（2024年調査。2025年は本文）、人数＝各年の本文,https://www.tsr-net.co.jp/data/detail/1191102_1527.html,"一次（グラフの読み取りは2025年調査の画像。件数の合計1,634件は本文の累計と一致）",本文では『ウイルス感染・不正アクセス』の中での最多として書かれている。全原因の中で最大かは未確認。『歴代6番目』とある
2022,165,150,5927057,91,55.2,1090,"1億2,572万",J.フロントリテイリング,1913854,32.3,東京商工リサーチ「上場企業の個人情報漏えい・紛失事故」調査 2022年調査（2023/01/19公表）,件数・社数＝『漏えい・紛失事故 年次推移』グラフ（2025年調査）、不正アクセス件数＝『ウイルス感染・不正アクセスによる事故 発生推移』グラフ（2024年調査。2025年は本文）、人数＝各年の本文,https://www.tsr-net.co.jp/data/detail/1197322_1527.html,"一次（グラフの読み取りは2025年調査の画像。件数の合計1,634件は本文の累計と一致）",
2023,175,147,40908718,93,53.1,1265,"1億6,662万",NTTグループ（委託先の元派遣社員の持ち出し）,9280000,22.7,東京商工リサーチ「上場企業の個人情報漏えい・紛失事故」調査 2023年調査（2024/01/19公表）,件数・社数＝『漏えい・紛失事故 年次推移』グラフ（2025年調査）、不正アクセス件数＝『ウイルス感染・不正アクセスによる事故 発生推移』グラフ（2024年調査。2025年は本文）、人数＝各年の本文,https://www.tsr-net.co.jp/data/detail/1198311_1527.html,"一次（グラフの読み取りは2025年調査の画像。件数の合計1,634件は本文の累計と一致）","2番目 出前館924万4,553件、3番目 NTTドコモ596万人分"
2024,189,151,15865611,114,60.3,1454,"1億8,249万",東京ガス（子会社）,4160000,26.2,東京商工リサーチ「上場企業の個人情報漏えい・紛失事故」調査 2024年調査（2025/01/21公表）,件数・社数＝『漏えい・紛失事故 年次推移』グラフ（2025年調査）、不正アクセス件数＝『ウイルス感染・不正アクセスによる事故 発生推移』グラフ（2024年調査。2025年は本文）、人数＝各年の本文,https://www.tsr-net.co.jp/data/detail/1200872_1527.html,"一次（グラフの読み取りは2025年調査の画像。件数の合計1,634件は本文の累計と一致）",本文では『ウイルス感染・不正アクセス』の中での最多として書かれている。全原因の中で最大かは未確認。TSR本文は『416万人分』
2025,180,158,30636910,116,64.4,1634,"2億1,313万",AOKIホールディングス（快活CLUB）,7290087,23.8,東京商工リサーチ「上場企業の個人情報漏えい・紛失事故」調査 2025年調査（2026/01/30公表）,件数・社数＝『漏えい・紛失事故 年次推移』グラフ（2025年調査）、不正アクセス件数＝『ウイルス感染・不正アクセスによる事故 発生推移』グラフ（2024年調査。2025年は本文）、人数＝各年の本文,https://www.tsr-net.co.jp/data/detail/1202348_1527.html,"一次（グラフの読み取りは2025年調査の画像。件数の合計1,634件は本文の累計と一致）","2番目 SOMPOホールディングス（損保ジャパン）727万1,004人分"
