case,age,rule_year,bonus_months,gross,pension,health,care,employment,social,income_tax,resident_tax,tax,takehome
same_gross,30,1995,2.7,3000000,204795,102612,0,12000,319407,122059,66230,188289,2492304
same_gross,30,1995減税込,2.7,3000000,204795,102612,0,12000,319407,103750,56700,160451,2520143
same_gross,30,2025,2.7,3000000,274500,150000,0,16500,441000,35684,117400,153084,2405916
same_gross,45,1995,3.17,3000000,198902,99799,0,12000,310701,122930,66665,189595,2499704
same_gross,45,1995減税込,3.17,3000000,198902,99799,0,12000,310701,104490,57070,161561,2527738
same_gross,45,2025,3.17,3000000,274500,150000,23850,16500,464850,34466,115015,149481,2385669
same_gross,30,1995,2.7,4000000,273060,136816,0,16000,425876,185412,97906,283319,3290806
same_gross,30,1995減税込,2.7,4000000,273060,136816,0,16000,425876,157601,83625,241226,3332899
same_gross,30,2025,2.7,4000000,366000,200000,0,22000,588000,65957,176700,242657,3169343
same_gross,45,1995,3.17,4000000,265203,133065,0,16000,414268,186573,98487,285060,3300672
same_gross,45,1995減税込,3.17,4000000,265203,133065,0,16000,414268,158587,84119,242706,3343026
same_gross,45,2025,3.17,4000000,366000,200000,31800,22000,619800,64333,173520,237853,3142347
same_gross,30,1995,2.7,5000000,341325,171020,0,20000,532344,254766,162466,417231,4050424
same_gross,30,1995減税込,2.7,5000000,341325,171020,0,20000,532344,216551,142466,359016,4108639
same_gross,30,2025,2.7,5000000,457500,250000,0,27500,735000,119457,242000,361457,3903543
same_gross,45,1995,3.17,5000000,331504,166331,0,20000,517835,256217,163917,420133,4062032
same_gross,45,1995減税込,3.17,5000000,331504,166331,0,20000,517835,217784,143917,361701,4120465
same_gross,45,2025,3.17,5000000,457500,250000,39750,27500,774750,115399,238025,353424,3871826
same_gross,30,1995,2.7,6000000,409590,205224,0,24000,638813,324119,231819,555937,4805249
same_gross,30,1995減税込,2.7,6000000,409590,205224,0,24000,638813,275501,211819,487320,4873867
same_gross,30,2025,2.7,6000000,549000,300000,0,33000,882000,186128,307300,493428,4624572
same_gross,45,1995,3.17,6000000,397805,199597,0,24000,621402,325860,233560,559420,4819179
same_gross,45,1995減税込,3.17,6000000,397805,199597,0,24000,621402,276981,213560,490541,4888057
same_gross,45,2025,3.17,6000000,549000,300000,47700,33000,929700,181258,302530,483788,4586512
same_age_avg,20-24,1995,2.3,3256000,228041,114123,0,13024,355188,136401,73401,209802,2691010
same_age_avg,20-24,2025,1.64,3746300,342786,187315,0,20605,550706,57499,160133,217633,2977961
same_age_avg,25-29,1995,3.1,4238000,282241,141583,0,16952,440776,202962,110662,313625,3483599
same_age_avg,25-29,2025,2.41,4739600,433673,236980,0,26068,696721,90612,224996,315608,3727271
same_age_avg,30-34,1995,3.38,5139400,336410,168898,0,20558,525866,266565,174265,440831,4172704
same_age_avg,30-34,2025,2.7,5514000,504531,275700,0,30327,810558,153726,275564,429290,4274152
same_age_avg,35-39,1995,3.58,5888000,380980,191384,0,23552,595916,319448,227148,546597,4745487
same_age_avg,35-39,2025,2.92,6143600,562139,307180,0,33790,903109,195702,316677,512379,4728111
same_age_avg,40-44,1995,3.77,6476600,414241,208213,0,25906,648360,392584,268992,661576,5166664
same_age_avg,40-44,2025,3.09,6643000,607834,332150,52812,36536,1029333,224045,344437,568482,5045186
same_age_avg,45-49,1995,3.92,7027500,445732,224136,0,28110,697978,479354,312377,791731,5537790
same_age_avg,45-49,2025,3.17,6969600,637718,348480,55408,38333,1079940,270606,368770,639376,5250284
same_age_avg,50-54,1995,3.91,7220900,458232,230415,0,28884,717530,510256,327828,838084,5665286
same_age_avg,50-54,2025,3.34,7263900,664647,363195,57748,39951,1125541,315381,390697,706077,5432281
same_age_avg,55-59,1995,3.62,6464000,417247,209628,0,25856,652731,389694,267547,657241,5154029
same_age_avg,55-59,2025,3.32,7332800,670951,366640,58296,40330,1136217,325863,395830,721693,5474889
