"# 第16回出生動向基本調査（2021年）独身者調査 単純集計表（JNFS16S_FreqTable.xlsx）。対象は35歳未満の未婚者（客体数 女性2,053・男性2,033）"
# URL: https://www.ipss.go.jp/ps-doukou/j/doukou16/JNFS16S_FreqTable.xlsx 取得日 2026-10-10
設問,選択肢,女性_人,女性_割合,男性_人,男性_割合
問16 異性との交際の状況,交際している異性はいない,1317,0.642,1468,0.722
問16 異性との交際の状況,友人として交際している異性がいる,124,0.06,95,0.047
問16 異性との交際の状況,恋人として交際している異性がいる,534,0.26,402,0.198
問16 異性との交際の状況,婚約者がいる,37,0.018,26,0.013
問16 異性との交際の状況,友人あるいは恋人として交際している異性がいる,5,0.002,5,0.002
問16 異性との交際の状況,不詳,36,0.018,37,0.018
問16(2) 交際の希望（交際相手なしの人）,交際を望んでいる,505,0.383,641,0.437
問16(2) 交際の希望（交際相手なしの人）,とくに異性との交際を望んでいない,700,0.532,682,0.465
問16(2) 交際の希望（交際相手なしの人）,不詳,112,0.085,145,0.099
問17 恋人として交際した経験,ない,650,0.317,753,0.37
問17 恋人として交際した経験,ある,1357,0.661,1233,0.606
問17 恋人として交際した経験,不詳,46,0.022,47,0.023
