特－38図 これまでの恋人の人数、デートした人数,,,,,,,,,,,,,,,,,
,,,,,,,,,,,,,,,,,
＜これまでの恋人の人数＞,,,,,,,,,,,,,,,,,
,,,,,,,,,,,,,,,,,（％）
,,0人,1人,2人,3人,4人,5人,6人,7人,8人,9人,10人,11人,12人,13人,14人,15人以上
独身,女性/20代/独身,25.2,14.3,11.6,9.9,6.3,6.3,2.5,1.7,1.0,0.7,1.2,0.5,0.2,0.1,0.1,0.1
,女性/30代/独身,22.0,10.9,9.3,9.5,5.1,7.1,3.4,2.3,1.0,0.5,1.6,0.3,0.2,0.2,0.0,1.1
,女性/40代/独身,13.7,10.3,9.4,11.5,7.2,7.2,0.9,2.1,2.4,0.4,2.2,0.3,0.0,0.1,0.0,1.5
,女性/50代/独身,11.9,9.2,12.2,12.9,6.2,8.4,2.7,1.2,1.2,0.5,2.0,0.3,0.2,0.2,0.0,1.5
,女性/60代/独身,8.1,15.2,17.4,17.0,5.9,5.0,1.7,0.7,0.4,0.2,1.1,0.0,0.2,0.0,0.0,0.7
,男性/20代/独身,39.3,12.9,9.7,7.6,3.7,3.9,2.4,1.8,1.4,0.4,1.1,0.3,0.2,0.1,0.0,0.5
,男性/30代/独身,34.8,7.9,10.8,9.1,4.5,5.1,2.8,1.5,1.0,0.3,1.4,0.3,0.0,0.0,0.0,0.5
,男性/40代/独身,23.7,9.8,9.4,10.9,3.4,4.8,3.0,2.3,1.3,0.3,1.6,0.0,0.0,0.0,0.0,2.2
,男性/50代/独身,21.8,7.3,11.0,8.5,3.9,8.3,1.7,1.1,1.4,0.3,2.2,0.2,0.6,0.0,0.0,3.1
,男性/60代/独身,19.5,14.8,12.3,11.4,4.0,7.0,0.8,0.8,0.8,0.4,2.5,0.2,0.4,0.0,0.0,2.5
既婚（事実婚含む）,女性/20代/既婚,7.7,16.0,12.0,16.6,8.3,12.0,5.5,2.8,1.2,1.5,3.1,0.0,0.3,0.0,0.3,0.6
,女性/30代/既婚,4.7,14.0,13.8,16.0,10.0,11.4,5.5,3.1,1.8,0.8,2.9,0.4,0.3,0.3,0.0,1.9
,女性/40代/既婚,3.7,13.5,16.2,17.0,9.4,10.2,3.7,2.1,1.6,0.3,2.2,0.3,0.3,0.1,0.1,1.2
,女性/50代/既婚,5.4,16.6,18.5,18.4,6.8,7.4,2.8,0.9,1.2,0.2,1.2,0.0,0.0,0.1,0.0,0.7
,女性/60代/既婚,8.7,22.2,19.0,18.3,4.6,6.3,1.1,0.8,0.6,0.1,0.8,0.1,0.1,0.0,0.0,0.1
,男性/20代/既婚,9.0,21.9,10.3,15.0,7.7,9.0,5.2,3.9,1.7,1.3,0.9,0.4,0.4,0.0,0.0,1.3
,男性/30代/既婚,6.6,15.5,12.7,17.5,10.3,9.0,5.1,3.1,2.2,0.8,3.0,0.5,0.4,0.4,0.1,1.7
,男性/40代/既婚,6.2,13.9,14.6,17.6,11.2,10.2,3.6,2.4,0.6,0.8,2.6,0.6,0.4,0.2,0.0,2.0
,男性/50代/既婚,6.1,15.6,16.2,19.8,8.9,9.4,2.9,1.3,1.3,0.4,1.9,0.1,0.1,0.1,0.0,1.9
,男性/60代/既婚,8.6,19.6,17.2,18.2,7.7,9.3,1.9,0.6,0.5,0.2,2.0,0.0,0.1,0.1,0.0,1.3
,,,,,,,,,,,,,,,,,
＜デートした人数＞,,,,,,,,,,,,,,,,,
,,,,,,,,,,,,,,,,,（％）
,,0人,1人,2人,3人,4人,5人,6人,7人,8人,9人,10人,11人,12人,13人,14人,15人以上
独身,女性/20代/独身,25.1,8.4,7.5,8.0,4.8,5.6,3.3,2.9,1.9,1.5,3.2,0.8,0.7,0.1,0.0,3.2
,女性/30代/独身,21.5,6.8,6.8,5.8,5.0,4.7,3.2,2.9,2.6,1.0,3.9,1.3,0.6,0.3,0.3,4.8
,女性/40代/独身,12.4,5.7,6.6,7.2,4.8,8.3,3.1,2.1,1.9,1.9,4.5,0.6,0.1,0.0,0.1,7.0
,女性/50代/独身,10.9,5.5,7.9,9.7,5.7,8.0,3.0,2.3,1.5,0.7,5.2,0.5,0.3,0.3,0.0,5.0
,女性/60代/独身,6.7,10.2,9.8,12.4,6.8,9.6,3.3,2.4,1.3,0.2,2.4,0.2,0.2,0.2,0.0,2.4
,男性/20代/独身,39.8,8.9,6.9,5.5,4.3,4.2,3.1,2.7,1.1,0.7,2.1,0.6,0.3,0.1,0.2,3.2
,男性/30代/独身,34.1,6.4,8.0,6.1,3.6,6.5,2.8,1.7,1.0,0.8,1.8,0.6,0.3,0.5,0.3,3.6
,男性/40代/独身,22.9,6.5,7.0,7.1,3.4,5.3,2.8,2.3,1.8,0.4,4.1,0.6,0.1,0.0,0.0,5.6
,男性/50代/独身,19.2,5.4,6.5,7.1,3.4,5.9,3.2,1.7,2.2,0.3,4.6,0.2,0.2,0.2,0.0,7.9
,男性/60代/独身,15.4,6.1,8.2,12.5,7.2,9.5,2.3,1.9,1.5,0.6,3.4,0.4,0.2,0.0,0.0,5.9
既婚（事実婚含む）,女性/20代/既婚,6.7,11.0,9.2,9.5,7.7,9.5,5.2,4.9,2.5,2.1,4.6,1.2,0.6,0.0,0.3,4.9
,女性/30代/既婚,4.0,10.8,7.4,9.4,8.3,8.7,5.6,4.1,2.4,2.7,5.8,1.0,0.8,0.6,0.5,8.2
,女性/40代/既婚,3.4,8.5,8.7,11.1,7.6,10.4,3.9,3.6,3.1,1.6,5.8,0.8,0.8,0.6,0.1,5.6
,女性/50代/既婚,4.0,10.5,11.3,12.3,7.7,9.4,4.4,2.9,2.2,0.8,5.2,0.3,0.2,0.1,0.1,4.1
,女性/60代/既婚,6.3,12.7,11.1,15.4,6.9,11.8,3.8,2.4,1.8,0.4,3.8,0.2,0.4,0.1,0.0,1.9
,男性/20代/既婚,7.3,24.9,8.6,10.3,6.4,6.4,7.3,3.0,1.3,1.7,3.9,0.4,0.4,0.4,0.0,2.6
,男性/30代/既婚,6.2,13.6,7.7,11.5,8.1,8.5,5.7,3.8,3.7,1.7,5.3,1.5,0.2,0.3,0.7,6.6
,男性/40代/既婚,5.7,10.3,9.2,11.1,7.5,9.9,5.7,4.6,3.1,1.6,5.1,0.9,0.9,0.6,0.1,6.5
,男性/50代/既婚,4.4,11.2,8.7,13.0,7.5,12.2,3.7,3.2,2.7,1.6,6.3,0.6,0.6,0.1,0.1,6.7
,男性/60代/既婚,4.9,12.8,9.4,14.1,8.5,12.3,3.5,3.0,2.7,0.7,6.3,0.2,0.4,0.1,0.3,4.8
