特－37図 これまでの恋人の人数,,,,,,,,
,,,,,,,,
既婚者,,,,,,,,
,,,,,,,,（％）
 ,0人,1人,2人,3人,4人,5人,6人以上,答えたくない・覚えていない
"女性20-39歳（n=1,515）",5.3,14.4,13.4,16.1,9.6,11.6,16.6,12.9
"男性20-39歳（n=1,259）",7.1,16.7,12.2,17.1,9.8,9.0,16.8,11.3
"女性40-54歳（n=2,646）",3.9,14.1,17.2,17.6,8.6,9.4,10.2,19.0
"男性40-54歳（n=2,358）",6.3,14.5,14.5,18.5,10.5,9.7,12.5,13.5
"女性55-69歳（n=2,281）",8.1,21.0,18.6,18.2,5.1,6.4,4.6,17.8
"男性55-69歳（n=2,298）",7.6,18.2,17.4,18.5,8.1,9.6,7.4,13.2
,,,,,,,,
独身者,,,,,,,,
,,,,,,,,（％）
 ,0人,1人,2人,3人,4人,5人,6人以上,答えたくない・覚えていない
"女性20-39歳（n=1,828）",24.1,13.2,10.8,9.7,5.9,6.6,8.8,20.8
"男性20-39歳（n=2,097）",37.6,11.0,10.2,8.2,4.0,4.3,8.0,16.7
"女性40-54歳（n=1,022）",13.2,8.9,10.8,11.3,6.7,7.6,10.5,31.1
"男性40-54歳（n=1,146）",23.5,9.0,9.7,10.7,3.1,6.2,10.3,27.5
女性55-69歳（n=787）,9.1,14.6,15.2,16.6,6.2,6.0,5.7,26.4
男性55-69歳（n=763）,19.8,11.9,12.1,9.4,4.6,7.1,9.8,25.3
