channel	group	type	memo
lovebynumbers	伸びた	恋愛×統計	ベンチマーク。登録6,340、最新中央値5.7万
kangaesugiruashi	伸びた	心理・社会×統計	ベンチマーク。登録13.7万、最新中央値5.6万
DataStickFigure	伸びた	データ×棒人間	ベンチマーク。登録10.9万、最新中央値13万
SHAKAI_KENKYU	伸びた	もしも×シミュレーション	ベンチマーク。3本のみ（3.5千・3.3万・47.9万）
まめポ	伸びた	婚活×データ（ずんだもん・ゆっくり）	登録6.7万、最新中央値15万。婚活市場をデータで解説
toshiusagi	伸びた	お金×データ（会話形式）	登録14.7万、最新中央値12万。平均給与などを会話で解説
edamamestory	伸びた	恋愛・社会×ずんだもん	登録5.6万、最新中央値5.6万。資料で見送った型だが比較用
love_observation	伸びた	恋愛×データ	登録9千、最新中央値1.1万。小規模だが伸びている
檻の中の自由	伸びていない	恋愛×統計	登録2,780、最新中央値951。lovebynumbers と同じ題名の型
nippon_data	伸びていない	婚活×統計	登録565、最新中央値923。遺伝子データ・婚活
知られざる令和の世界	伸びていない	人口×統計	登録122、最新中央値453。「人口学×統計学」
kangaedako	伸びていない	心理×統計	登録59、最新中央値97。「社会心理学×統計学」kangaesugiruashi と同型
汝ヒトを知れ	伸びていない	心理×統計	登録84、最新中央値240。「霊長類学×統計物理学」
eevvzzz	伸びていない	恋愛×進化心理学	登録4、最新中央値51。「統計学×進化心理学」kangaesugiruashi と同型
datademirunippon	伸びていない	人口・婚姻×データ	登録1,560、最新中央値536。「データで見る日本」
エモサピエンスの進化論	伸びていない	データストーリーテリング	登録18.1万だが最新中央値803。DataStickFigure と同じタグ
