channel	id	chars_per_min	pauses_per_min	pause_mean_sec	lufs	lra	pitch_range_st	voice_credit
datademirunippon	1KlngAY4Gwk	359	0.0		-27.6	3.1	11.0	青山龍星
datademirunippon	2Q5rzC89_Sw	347	0.0		-27.2	2.2	9.6	青山龍星
datademirunippon	9VbfmbqcBSA	350	0.0		-27.5	2.7	10.2	
datademirunippon	N_gRkwRMeZs	428	0.0		-27.1	2.3	10.2	VOICEVOX：青山龍星
datademirunippon	TxWtIUtYGU8	389	0.0		-26.9	2.2	9.4	青山龍星
datademirunippon	zheZ94ofp4U	382	0.0		-27.5	2.4	10.4	VOICEVOX：青山龍星
DataStickFigure	2HJs2RZYOag	406	10.0	0.3	-24.6	2.1	12.5	ゆっくり
DataStickFigure	3vma_ytEHcY	392	2.0	0.49	-17.5	3.0	16.0	ゆっくり
DataStickFigure	ec26DzgBKIU	439	7.0	0.31	-24.7	2.0	6.1	
DataStickFigure	Oi7ZE0ZwZRQ	364	17.0	0.27	-24.7	3.2	7.6	
DataStickFigure	wDnHhX9uaXQ	410	5.0	0.31	-17.7	3.2	15.6	ゆっくり
DataStickFigure	wegmLo65RLg	344	8.0	0.27	-17.8	2.9	9.9	ゆっくり
edamamestory	-4VSgaKH83A	403	4.0	0.25	-25.4	6.0	20.9	VOICEVOX:ずんだもん / VOICEVOX:四国めたん / VOICEVOX:春日部つむぎ / VOICEVOX:雨晴はう
edamamestory	1raA8e8wCbA	362	37.0	0.33	-25.2	5.5	18.9	VOICEVOX:ずんだもん / VOICEVOX:四国めたん / VOICEVOX:春日部つむぎ / VOICEVOX:雨晴はう
edamamestory	HHvPhX0Lgdw	408	12.0	0.3	-25.7	7.7	21.1	VOICEVOX:ずんだもん / VOICEVOX:四国めたん / VOICEVOX:春日部つむぎ / VOICEVOX:雨晴はう
edamamestory	jGdurlASj3U	398	22.0	0.34	-25.5	7.1	22.5	VOICEVOX:ずんだもん / VOICEVOX:四国めたん / VOICEVOX:春日部つむぎ / VOICEVOX:雨晴はう
edamamestory	q8mI1ARKlBM	402	24.0	0.37	-25.8	5.9	19.0	VOICEVOX:ずんだもん / VOICEVOX:四国めたん / VOICEVOX:春日部つむぎ / VOICEVOX:雨晴はう
edamamestory	u3PaREQLR8g	388	17.0	0.29	-26.7	7.4	23.1	VOICEVOX:ずんだもん / VOICEVOX:四国めたん / VOICEVOX:春日部つむぎ / VOICEVOX:雨晴はう
eevvzzz	SBoHl_AwNIA	421	17.0	0.29	-33.8	4.1	11.1	ゆっくり
eevvzzz	Vdr9GFCNDhQ	313	24.0	0.52	-32.9	4.4	10.0	
eevvzzz	wfKRLb15404	300	16.0	0.36	-34.1	2.9	9.2	
eevvzzz	XiEjVqirRPk	502	40.0	0.38	-35.7	3.1	10.2	
kangaedako	9n2WTLDrcr8	299	28.0	0.4	-22.6	6.2	9.4	VOICEVOX:里石ユカ／AivisSpeech:まお
kangaedako	9o3w6lJpnS0	333	30.0	0.46	-23.7	3.6	10.5	VOICEVOX:里石ユカ／AivisSpeech:まお
kangaedako	bRX9LotGUdg	220	25.0	0.36	-22.6	3.6	9.4	VOICEVOX:里石ユカ／AivisSpeech:まお
kangaedako	fWFkqy_08G0	304	31.0	0.41	-23.8	3.6	9.6	VOICEVOX:里石ユカ／AivisSpeech:まお
kangaedako	I4Yswqp3yes	368	41.0	0.39	-23.2	4.5	9.3	VOICEVOX:里石ユカ／AivisSpeech:まお
kangaedako	mpwFbnhrXKM	301	30.0	0.43	-23.0	4.7	10.3	VOICEVOX:里石ユカ／AivisSpeech:まお
kangaesugiruashi	0_Ib3vhtGj8	421	6.0	0.41	-16.7	2.6	20.3	
kangaesugiruashi	Gokx4jhP9_A	387	7.0	0.32	-16.8	2.6	19.5	
kangaesugiruashi	GtACODHJ6M4	402	6.0	0.44	-16.8	2.8	19.3	
kangaesugiruashi	mP-xSI-GgVI	381	11.0	0.51	-17.2	2.9	21.3	
kangaesugiruashi	x3JGHqYnQuc	391	14.0	0.29	-16.8	2.3	21.4	
love_observation	IU6SunvgSdw	319	5.0	0.4	-18.9	2.2	8.8	
love_observation	luXxO-eZins	315	6.0	0.26	-23.4	2.7	8.6	
love_observation	oPXromlDseg	311	7.0	0.33	-23.5	2.9	8.7	
love_observation	WHKdfGvjrmo	348	4.0	0.3	-18.9	2.5	10.1	
love_observation	x1LHmJc8eLM	349	1.0	0.58	-19.0	2.6	8.9	
love_observation	XX7WRnKAW3U	319	3.0	0.32	-18.9	2.6	8.5	
lovebynumbers	0JSTa-SQlaY	389	22.0	0.35	-19.3	3.8	16.7	
lovebynumbers	7JLPx1w_aZU	415	14.0	0.33	-16.5	3.4	17.0	
lovebynumbers	9cwLSH0nf4s	424	19.0	0.3	-18.2	2.9	16.5	
lovebynumbers	Y9PeclmSEIg	369	11.0	0.29	-16.3	3.6	16.5	
lovebynumbers	zRqLi1kPbqg	390	15.0	0.37	-18.2	4.0	12.3	
nippon_data	7dv_CJOIRYc	359	41.0	0.39	-27.9	3.6	10.1	VOICEVOX:剣崎雌雄
nippon_data	edIRfe6t_5s	357	37.0	0.39	-28.0	4.2	10.2	
nippon_data	fHF289RSKRU	373	36.0	0.38	-28.1	3.3	10.2	VOICEVOX:剣崎雌雄
nippon_data	kVzKtx2N83E	353	36.0	0.38	-27.9	4.5	10.5	VOICEVOX:剣崎雌雄
nippon_data	nYHJQ7I3-3I	349	34.0	0.38	-27.7	4.5	11.1	VOICEVOX:剣崎雌雄
nippon_data	q0hT3lLxiwo	337	37.0	0.4	-28.2	3.6	10.4	VOICEVOX:剣崎雌雄
SHAKAI_KENKYU	9iSZHBEmRGk	368	2.0	0.66	-24.5	3.2	15.4	ElevenLabs
SHAKAI_KENKYU	tx0YsBaT0vw	356	5.0	0.37	-24.2	5.4	17.9	ElevenLabs
SHAKAI_KENKYU	VE_d8J0Ykoc	347	1.0	1.17	-24.4	3.4	17.2	ElevenLabs
toshiusagi	6t_UQyD5WpA	354	0.0		-19.3	2.3	21.4	AquesTalk
toshiusagi	cqUoqC6UdtA	435	2.0	0.21	-19.4	1.4	15.4	AquesTalk
toshiusagi	g4OW1M76O9Q	471	0.0		-18.2	1.8	6.3	AquesTalk
toshiusagi	IXRKJls5pb8	391	0.0		-18.9	1.5	7.0	AquesTalk
toshiusagi	sPEvE9iVngU	378	2.0	0.26	-19.4	2.4	22.0	AquesTalk
まめポ	4pkBxcDGJlI	432	5.0	0.32	-18.2	6.5	16.8	VOICEVOX：https: / VOICEVOX：四国めたん / VOICEVOX：春日部つむぎ / VOICEVOX：№7
まめポ	nuZIcjfkiVU	448	3.0	0.3	-19.6	6.8	19.9	VOICEVOX：https: / VOICEVOX：四国めたん / VOICEVOX：春日部つむぎ / VOICEVOX：№7
まめポ	orOrcy11lqg	439	12.0	0.3	-19.3	8.8	17.8	VOICEVOX：https: / VOICEVOX：四国めたん / VOICEVOX：春日部つむぎ / VOICEVOX：№7
まめポ	rj9PhRBshAc	464	7.0	0.32	-18.1	6.2	9.5	VOICEVOX：https: / VOICEVOX：四国めたん / VOICEVOX：春日部つむぎ / VOICEVOX：№7
まめポ	xVaOyHXf6Fg	316	7.0	0.31	-20.3	6.4	23.9	VOICEVOX：https: / VOICEVOX：四国めたん / VOICEVOX：春日部つむぎ / VOICEVOX：№7
まめポ	Zl_uieE6v0g	396	12.0	0.28	-20.0	5.2	19.2	VOICEVOX：https: / VOICEVOX：四国めたん / VOICEVOX：春日部つむぎ / VOICEVOX：№7
エモサピエンスの進化論	1KM_Q7J37lM	352	8.0	0.3	-28.5	3.7	14.4	
エモサピエンスの進化論	7-U7v74eXsc	310	4.0	0.3	-27.7	3.0	10.1	
エモサピエンスの進化論	7vD75kdyc0c	334	9.0	0.26	-27.8	4.7	6.9	
エモサピエンスの進化論	WpEvUKg8Ibc	328	11.0	0.27	-27.8	3.5	13.7	
エモサピエンスの進化論	WsiBst4oUKc	331	7.0	0.26	-27.4	4.2	11.5	
檻の中の自由	4i8B7KgQMKw	332	24.0	0.44	-21.7	2.7	16.1	VOICEVOX：青山龍星
檻の中の自由	_uEuxwqp1H8	316	27.0	0.44	-21.5	3.4	22.2	VOICEVOX：青山龍星
檻の中の自由	aVtd6okhLNg	318	33.0	0.48	-21.6	2.9	22.7	
檻の中の自由	jKRJzUc3-f0	349	0.0		-21.7	2.9	15.7	VOICEVOX：青山龍星
檻の中の自由	sL_gKtgg1wk	336	0.0		-21.0	2.3	16.1	VOICEVOX：青山龍星
汝ヒトを知れ	hmGwwZ5hjbI	334	4.0	0.34	-17.0	3.7	25.3	
汝ヒトを知れ	JNZEo58-15s	332	10.0	0.31	-16.9	3.6	25.6	
汝ヒトを知れ	lToHllzVia8	327	6.0	0.48	-16.9	3.7	24.9	
汝ヒトを知れ	nV69wTQQsQA	313	10.0	0.43	-16.9	3.1	25.4	
汝ヒトを知れ	ssey6L4sa2M	323	6.0	0.31	-17.0	3.4	25.8	
知られざる令和の世界	_ANYOxL08_o	355	2.0	0.76	-17.2	2.7	26.3	
知られざる令和の世界	JHlU6s30iko	373	0.0		-17.2	2.0	25.4	
知られざる令和の世界	lxuPYdaGJtM	333	1.0	0.55	-17.3	2.1	23.0	
知られざる令和の世界	nF30CjIE0GY	364	2.0	0.59	-17.1	2.0	25.6	
知られざる令和の世界	ocOMrRwyMLY	371	0.0		-17.0	2.1	24.2	
知られざる令和の世界	pzUnLCtbqGI	340	2.0	0.43	-17.2	2.4	23.5	
