年,夫妻とも初婚,婚姻総数,出典表,URL
1977,705709,821029,人口動態統計 確定数 2025年（2026-09-30公表）婚姻 上巻 表9-5（mg050000.csv）,https://www.e-stat.go.jp/stat-search/file-download?statInfId=000040503697&fileKind=1
1978,678298,793257,人口動態統計 確定数 2025年（2026-09-30公表）婚姻 上巻 表9-5（mg050000.csv）,https://www.e-stat.go.jp/stat-search/file-download?statInfId=000040503697&fileKind=1
1979,670858,788505,人口動態統計 確定数 2025年（2026-09-30公表）婚姻 上巻 表9-5（mg050000.csv）,https://www.e-stat.go.jp/stat-search/file-download?statInfId=000040503697&fileKind=1
1980,657373,774702,人口動態統計 確定数 2025年（2026-09-30公表）婚姻 上巻 表9-5（mg050000.csv）,https://www.e-stat.go.jp/stat-search/file-download?statInfId=000040503697&fileKind=1
1981,658409,776531,人口動態統計 確定数 2025年（2026-09-30公表）婚姻 上巻 表9-5（mg050000.csv）,https://www.e-stat.go.jp/stat-search/file-download?statInfId=000040503697&fileKind=1
1982,660475,781252,人口動態統計 確定数 2025年（2026-09-30公表）婚姻 上巻 表9-5（mg050000.csv）,https://www.e-stat.go.jp/stat-search/file-download?statInfId=000040503697&fileKind=1
1983,642591,762552,人口動態統計 確定数 2025年（2026-09-30公表）婚姻 上巻 表9-5（mg050000.csv）,https://www.e-stat.go.jp/stat-search/file-download?statInfId=000040503697&fileKind=1
1984,620110,739991,人口動態統計 確定数 2025年（2026-09-30公表）婚姻 上巻 表9-5（mg050000.csv）,https://www.e-stat.go.jp/stat-search/file-download?statInfId=000040503697&fileKind=1
1985,613387,735850,人口動態統計 確定数 2025年（2026-09-30公表）婚姻 上巻 表9-5（mg050000.csv）,https://www.e-stat.go.jp/stat-search/file-download?statInfId=000040503697&fileKind=1
1986,587853,710962,人口動態統計 確定数 2025年（2026-09-30公表）婚姻 上巻 表9-5（mg050000.csv）,https://www.e-stat.go.jp/stat-search/file-download?statInfId=000040503697&fileKind=1
1987,572492,696173,人口動態統計 確定数 2025年（2026-09-30公表）婚姻 上巻 表9-5（mg050000.csv）,https://www.e-stat.go.jp/stat-search/file-download?statInfId=000040503697&fileKind=1
1988,579139,707716,人口動態統計 確定数 2025年（2026-09-30公表）婚姻 上巻 表9-5（mg050000.csv）,https://www.e-stat.go.jp/stat-search/file-download?statInfId=000040503697&fileKind=1
1989,576905,708316,人口動態統計 確定数 2025年（2026-09-30公表）婚姻 上巻 表9-5（mg050000.csv）,https://www.e-stat.go.jp/stat-search/file-download?statInfId=000040503697&fileKind=1
1990,589886,722138,人口動態統計 確定数 2025年（2026-09-30公表）婚姻 上巻 表9-5（mg050000.csv）,https://www.e-stat.go.jp/stat-search/file-download?statInfId=000040503697&fileKind=1
1991,609907,742264,人口動態統計 確定数 2025年（2026-09-30公表）婚姻 上巻 表9-5（mg050000.csv）,https://www.e-stat.go.jp/stat-search/file-download?statInfId=000040503697&fileKind=1
1992,621752,754441,人口動態統計 確定数 2025年（2026-09-30公表）婚姻 上巻 表9-5（mg050000.csv）,https://www.e-stat.go.jp/stat-search/file-download?statInfId=000040503697&fileKind=1
1993,654447,792658,人口動態統計 確定数 2025年（2026-09-30公表）婚姻 上巻 表9-5（mg050000.csv）,https://www.e-stat.go.jp/stat-search/file-download?statInfId=000040503697&fileKind=1
1994,642827,782738,人口動態統計 確定数 2025年（2026-09-30公表）婚姻 上巻 表9-5（mg050000.csv）,https://www.e-stat.go.jp/stat-search/file-download?statInfId=000040503697&fileKind=1
1995,646536,791888,人口動態統計 確定数 2025年（2026-09-30公表）婚姻 上巻 表9-5（mg050000.csv）,https://www.e-stat.go.jp/stat-search/file-download?statInfId=000040503697&fileKind=1
1996,647477,795080,人口動態統計 確定数 2025年（2026-09-30公表）婚姻 上巻 表9-5（mg050000.csv）,https://www.e-stat.go.jp/stat-search/file-download?statInfId=000040503697&fileKind=1
1997,627872,775651,人口動態統計 確定数 2025年（2026-09-30公表）婚姻 上巻 表9-5（mg050000.csv）,https://www.e-stat.go.jp/stat-search/file-download?statInfId=000040503697&fileKind=1
1998,631850,784595,人口動態統計 確定数 2025年（2026-09-30公表）婚姻 上巻 表9-5（mg050000.csv）,https://www.e-stat.go.jp/stat-search/file-download?statInfId=000040503697&fileKind=1
1999,608015,762028,人口動態統計 確定数 2025年（2026-09-30公表）婚姻 上巻 表9-5（mg050000.csv）,https://www.e-stat.go.jp/stat-search/file-download?statInfId=000040503697&fileKind=1
2000,630235,798138,人口動態統計 確定数 2025年（2026-09-30公表）婚姻 上巻 表9-5（mg050000.csv）,https://www.e-stat.go.jp/stat-search/file-download?statInfId=000040503697&fileKind=1
2001,623514,799999,人口動態統計 確定数 2025年（2026-09-30公表）婚姻 上巻 表9-5（mg050000.csv）,https://www.e-stat.go.jp/stat-search/file-download?statInfId=000040503697&fileKind=1
2002,582785,757331,人口動態統計 確定数 2025年（2026-09-30公表）婚姻 上巻 表9-5（mg050000.csv）,https://www.e-stat.go.jp/stat-search/file-download?statInfId=000040503697&fileKind=1
2003,562940,740191,人口動態統計 確定数 2025年（2026-09-30公表）婚姻 上巻 表9-5（mg050000.csv）,https://www.e-stat.go.jp/stat-search/file-download?statInfId=000040503697&fileKind=1
2004,541676,720418,人口動態統計 確定数 2025年（2026-09-30公表）婚姻 上巻 表9-5（mg050000.csv）,https://www.e-stat.go.jp/stat-search/file-download?statInfId=000040503697&fileKind=1
2005,533498,714265,人口動態統計 確定数 2025年（2026-09-30公表）婚姻 上巻 表9-5（mg050000.csv）,https://www.e-stat.go.jp/stat-search/file-download?statInfId=000040503697&fileKind=1
2006,541488,730973,人口動態統計 確定数 2025年（2026-09-30公表）婚姻 上巻 表9-5（mg050000.csv）,https://www.e-stat.go.jp/stat-search/file-download?statInfId=000040503697&fileKind=1
2007,532298,719822,人口動態統計 確定数 2025年（2026-09-30公表）婚姻 上巻 表9-5（mg050000.csv）,https://www.e-stat.go.jp/stat-search/file-download?statInfId=000040503697&fileKind=1
2008,537748,726106,人口動態統計 確定数 2025年（2026-09-30公表）婚姻 上巻 表9-5（mg050000.csv）,https://www.e-stat.go.jp/stat-search/file-download?statInfId=000040503697&fileKind=1
2009,524485,707740,人口動態統計 確定数 2025年（2026-09-30公表）婚姻 上巻 表9-5（mg050000.csv）,https://www.e-stat.go.jp/stat-search/file-download?statInfId=000040503697&fileKind=1
2010,520960,700222,人口動態統計 確定数 2025年（2026-09-30公表）婚姻 上巻 表9-5（mg050000.csv）,https://www.e-stat.go.jp/stat-search/file-download?statInfId=000040503697&fileKind=1
2011,490665,661898,人口動態統計 確定数 2025年（2026-09-30公表）婚姻 上巻 表9-5（mg050000.csv）,https://www.e-stat.go.jp/stat-search/file-download?statInfId=000040503697&fileKind=1
2012,494750,668870,人口動態統計 確定数 2025年（2026-09-30公表）婚姻 上巻 表9-5（mg050000.csv）,https://www.e-stat.go.jp/stat-search/file-download?statInfId=000040503697&fileKind=1
2013,487051,660622,人口動態統計 確定数 2025年（2026-09-30公表）婚姻 上巻 表9-5（mg050000.csv）,https://www.e-stat.go.jp/stat-search/file-download?statInfId=000040503697&fileKind=1
2014,473796,643783,人口動態統計 確定数 2025年（2026-09-30公表）婚姻 上巻 表9-5（mg050000.csv）,https://www.e-stat.go.jp/stat-search/file-download?statInfId=000040503697&fileKind=1
2015,465016,635225,人口動態統計 確定数 2025年（2026-09-30公表）婚姻 上巻 表9-5（mg050000.csv）,https://www.e-stat.go.jp/stat-search/file-download?statInfId=000040503697&fileKind=1
2016,454872,620707,人口動態統計 確定数 2025年（2026-09-30公表）婚姻 上巻 表9-5（mg050000.csv）,https://www.e-stat.go.jp/stat-search/file-download?statInfId=000040503697&fileKind=1
2017,445672,606952,人口動態統計 確定数 2025年（2026-09-30公表）婚姻 上巻 表9-5（mg050000.csv）,https://www.e-stat.go.jp/stat-search/file-download?statInfId=000040503697&fileKind=1
2018,429742,586481,人口動態統計 確定数 2025年（2026-09-30公表）婚姻 上巻 表9-5（mg050000.csv）,https://www.e-stat.go.jp/stat-search/file-download?statInfId=000040503697&fileKind=1
2019,438912,599007,人口動態統計 確定数 2025年（2026-09-30公表）婚姻 上巻 表9-5（mg050000.csv）,https://www.e-stat.go.jp/stat-search/file-download?statInfId=000040503697&fileKind=1
2020,386883,525507,人口動態統計 確定数 2025年（2026-09-30公表）婚姻 上巻 表9-5（mg050000.csv）,https://www.e-stat.go.jp/stat-search/file-download?statInfId=000040503697&fileKind=1
2021,370911,501138,人口動態統計 確定数 2025年（2026-09-30公表）婚姻 上巻 表9-5（mg050000.csv）,https://www.e-stat.go.jp/stat-search/file-download?statInfId=000040503697&fileKind=1
2022,377804,504930,人口動態統計 確定数 2025年（2026-09-30公表）婚姻 上巻 表9-5（mg050000.csv）,https://www.e-stat.go.jp/stat-search/file-download?statInfId=000040503697&fileKind=1
2023,356124,474741,人口動態統計 確定数 2025年（2026-09-30公表）婚姻 上巻 表9-5（mg050000.csv）,https://www.e-stat.go.jp/stat-search/file-download?statInfId=000040503697&fileKind=1
2024,367574,485092,人口動態統計 確定数 2025年（2026-09-30公表）婚姻 上巻 表9-5（mg050000.csv）,https://www.e-stat.go.jp/stat-search/file-download?statInfId=000040503697&fileKind=1
2025,372768,489158,人口動態統計 確定数 2025年（2026-09-30公表）婚姻 上巻 表9-5（mg050000.csv）,https://www.e-stat.go.jp/stat-search/file-download?statInfId=000040503697&fileKind=1
