no,分野,タイトル案,型,統計・研究の候補,注意,状態,優先度
1,恋愛・結婚,なぜ50歳まで未婚の人は男性の方が多いのか,統計グラフ,国勢調査（配偶関係）、社人研「人口統計資料集」,「50歳時未婚率」の定義を画面で明示,候補,A
2,恋愛・結婚,夫婦はどこで出会っているのか。見合いからアプリまでの変化,統計グラフ,社人研「出生動向基本調査」（夫婦の出会いのきっかけ）,,制作中（001）,A
3,恋愛・結婚,なぜ年収が高い男性ほど結婚しているのか,統計グラフ,総務省「就業構造基本調査」（所得×配偶関係）,相関と因果を分けて説明,候補,A
4,恋愛・結婚,結婚相手に求める条件は30年でどう変わったか,統計グラフ,出生動向基本調査（独身者調査）,,候補,A
5,恋愛・結婚,人はなぜ「似た人」と結婚するのか（同類婚）,研究紹介,同類婚（assortative mating）研究、SSM調査の学歴同類婚,,候補,A
6,恋愛・結婚,マッチングアプリで「いいね」が上位に集中する仕組み,シミュレーション,Bruch & Newman 2018（Science Advances）、Rudder『Dataclysm』,既存と近い。切り口を変える,候補,A
7,恋愛・結婚,理想の年齢差と、実際の夫婦の年齢差,統計グラフ,人口動態統計（夫妻の年齢差）、出会い系データ研究,,候補,A
8,恋愛・結婚,なぜ離婚は結婚して数年のうちに多いのか,統計グラフ,人口動態統計（同居期間別離婚件数）,,候補,A
9,恋愛・結婚,全員が「自分より少し上」を狙うと婚活市場はどうなるか,シミュレーション,安定マッチング（Gale–Shapley）モデル,,1本目候補,A
10,恋愛・結婚,恋人がいない若者は本当に増えたのか,統計グラフ,出生動向基本調査（交際状況）、内閣府・こども家庭庁の若者調査,既存と近い。年代比較で差別化,候補,A
11,お金・格差,日本の「平均年収」はなぜ実感より高いのか（平均と中央値）,統計グラフ,国税庁「民間給与実態統計調査」、賃金構造基本統計調査,,候補,B
12,お金・格差,貯金ゼロの世帯はなぜ一定数いるのか,統計グラフ,「家計の金融行動に関する世論調査」,調査の実施主体・最新年度を確認,候補,B
13,お金・格差,お金はどこまで幸福を増やすのか（年収と幸福の上限論争）,研究紹介,Kahneman & Deaton 2010、Killingsworth 2021、共同検証論文 2023,,候補,B
14,お金・格差,宝くじの高額当選で人は幸せになるのか,研究紹介,Brickman ほか 1978、Lindqvist ほか 2020（スウェーデンの宝くじ研究）,古い研究の誇張に注意,候補,B
15,お金・格差,資産1億円以上の世帯は何％いるのか,統計グラフ,野村総合研究所の富裕層推計、全国家計構造調査,,候補,B
16,お金・格差,物価が上がると一番困るのは誰か,統計グラフ,消費者物価指数、家計調査（所得階級別の支出）,,候補,B
17,お金・格差,同じ給料でも、住む県で生活の余裕はどれだけ違うか,統計グラフ,家計調査、消費者物価地域差指数,,候補,B
18,お金・格差,なぜ人は「複利」を直感で理解できないのか,シミュレーション,指数成長バイアスの研究（Stango & Zinman 2009 ほか）,投資の助言にしない,候補,B
19,お金・格差,子どものお小遣いとお年玉の相場の推移,統計グラフ,「子どものくらしとお金に関する調査」,調査年が古い可能性。確認,候補,B
20,お金・格差,なぜ資産格差は放っておくと広がるのか,シミュレーション,ヤードセール・モデル、ボルツマン型の富の分配モデル,既存と近い。別の前提で比較,候補,A
21,仕事・キャリア,日本人の労働時間は本当に長いのか,統計グラフ,OECD 労働時間統計、毎月勤労統計,,候補,C
22,仕事・キャリア,転職すると年収は上がるのか,統計グラフ,厚労省「雇用動向調査」（転職入職者の賃金変動）,,候補,C
23,仕事・キャリア,なぜ新卒の3割は3年で辞めるのか,統計グラフ,厚労省「新規学卒就職者の離職状況」,,候補,C
24,仕事・キャリア,職業別の年収・労働時間マップ,統計グラフ,賃金構造基本統計調査,シリーズ化しやすい,候補,C
25,仕事・キャリア,リモートワークは生産性を上げたのか,研究紹介,Bloom ほか 2015、2024 Nature 論文,,候補,C
26,仕事・キャリア,なぜ会議は人数が増えるほど長くなるのか,シミュレーション,リンゲルマン効果、パーキンソンの法則,,候補,C
27,仕事・キャリア,定年後も働く人はなぜ増えたのか,統計グラフ,労働力調査（高齢者の就業率）,,候補,C
28,仕事・キャリア,「好きなことを仕事に」すると幸せになれるのか,研究紹介,天職（calling）研究、ISSP 労働意識調査,,候補,C
29,仕事・キャリア,AIに置き換えられやすい仕事はどれか。10年前の予測は当たったか,研究紹介,Frey & Osborne 2013、野村総研×オックスフォード大 2015,古い推計と新しい研究を対比,候補,C
30,仕事・キャリア,出世する人は何月生まれが多いのか（相対年齢効果）,研究紹介,Bedard & Dhuey 2006、国内の相対年齢研究,既存と近い。キャリア面に絞る,候補,C
31,教育・子ども,学歴で生涯賃金はいくら違うのか,統計グラフ,労働政策研究・研修機構「ユースフル労働統計」,,候補,B
32,教育・子ども,早生まれは勉強とスポーツで不利なのか,統計グラフ,プロ野球選手の生まれ月、学力と生まれ月の研究,,候補,B
33,教育・子ども,東大生の親の年収はなぜ高いのか,統計グラフ,東京大学「学生生活実態調査」,,候補,B
34,教育・子ども,子ども1人を育てるのにいくらかかるのか,統計グラフ,内閣府の子育て費用調査、文科省「子供の学習費調査」,内閣府調査は古い。年度を明示,候補,B
35,教育・子ども,塾や習い事は学力にどれだけ効くのか,統計グラフ,全国学力・学習状況調査（家庭の状況との関係）,相関と因果を分けて説明,候補,B
36,教育・子ども,勉強ができるのは生まれつきか（双生児研究）,研究紹介,行動遺伝学の双生児研究（安藤寿康ほか）,決定論に聞こえない表現に,候補,B
37,教育・子ども,マシュマロテストは本当だったのか（再現研究）,研究紹介,Mischel の研究、Watts・Duncan・Quan 2018,,候補,B
38,教育・子ども,少子化で消える大学はどこか。18歳人口のグラフ,統計グラフ,学校基本調査、18歳人口の推移,,候補,B
39,教育・子ども,なぜ日本の子どもの睡眠は短いのか,統計グラフ,NHK「国民生活時間調査」、睡眠の国際比較調査,,候補,B
40,教育・子ども,子どもが減っても先生が忙しいのはなぜか,統計グラフ,文科省「教員勤務実態調査」,,候補,B
41,東京と地方・住まい,なぜ若者は東京に集まり続けるのか,統計グラフ,住民基本台帳人口移動報告,既存と近い。男女差・県別で差別化,候補,A
42,東京と地方・住まい,地方から東京に出た人は幸せになったのか,研究紹介,内閣府「満足度・生活の質に関する調査」、都道府県別の幸福度研究,,候補,A
43,東京と地方・住まい,家賃と通勤時間、どちらが幸福を下げるのか,研究紹介,Stutzer & Frey 2008（通勤のパラドックス）,,候補,B
44,東京と地方・住まい,空き家はなぜ増え続けるのか,統計グラフ,総務省「住宅・土地統計調査」,,候補,B
45,東京と地方・住まい,持ち家と賃貸、条件を変えるとどちらが得になるのか,シミュレーション,前提条件を変えて比べるモデル,助言ではなく条件比較として,候補,B
46,東京と地方・住まい,県民性は本当にあるのか。データで検証,統計グラフ,社会生活基本調査、家計調査の品目別都道府県ランキング,シリーズ化しやすい,候補,B
47,東京と地方・住まい,「一番〇〇な県」ランキングの裏側,統計グラフ,「統計でみる都道府県のすがた」,47都道府県で派生可,候補,B
48,東京と地方・住まい,東京の人口が半分になったら何が起きるか,シミュレーション,社人研「地域別将来推計人口」,,候補,A
49,東京と地方・住まい,なぜ地方の商店街は消えたのか,統計グラフ,商業統計・経済センサス,,候補,B
50,東京と地方・住まい,「消滅可能性自治体」とは何だったのか,統計グラフ,人口戦略会議 2024年の分析,,候補,B
51,世代・人口,日本を100人の村にしたら（年齢・仕事・年収で分ける）,シミュレーション,国勢調査、就業構造基本調査,既存と近い。日本版に絞る,候補,A
52,世代・人口,平均寿命と健康寿命の差は何年か,統計グラフ,厚労省「生命表」、健康寿命の推計,,候補,B
53,世代・人口,出生数はなぜ季節によって変わるのか,統計グラフ,人口動態統計（月別出生数）,,候補,B
54,世代・人口,団塊・バブル・氷河期・Z世代を数字で比べる,統計グラフ,国勢調査、就業構造基本調査、賃金構造基本統計調査,,候補,A
55,世代・人口,就職氷河期世代は今どうなっているのか,統計グラフ,労働力調査、内閣府の氷河期世代関連資料,当事者を傷つけない表現に,候補,B
56,世代・人口,2050年の日本を1本で見る,統計グラフ,社人研「日本の将来推計人口」（2023年推計）,,候補,A
57,世代・人口,なぜ出生数は予測より早く減ったのか,統計グラフ,人口動態統計と過去の将来推計の比較,,候補,B
58,世代・人口,韓国の少子化と日本は何が違うのか,統計グラフ,合計特殊出生率の国際比較,,候補,B
59,世代・人口,あなたの名字は何年後に消えるのか,シミュレーション,ゴルトン＝ワトソン過程（名字の消滅モデル）,,候補,B
60,世代・人口,「最近の若者は」は本当か。世代比較の真実,統計グラフ,世界価値観調査、NHK「日本人の意識」調査,,候補,B
61,幸福・心理,人はなぜ他人と比べてしまうのか（相対所得仮説）,研究紹介,Easterlin の研究、Luttmer 2005,,候補,B
62,幸福・心理,友達は何人いれば足りるのか（ダンバー数）,研究紹介,ダンバー数の研究と反論研究,,候補,B
63,幸福・心理,幸福度は年齢でU字を描くのか,統計グラフ,Blanchflower 2021 ほか,,候補,B
64,幸福・心理,選択肢が多いとなぜ選べなくなるのか,研究紹介,Iyengar & Lepper 2000、Scheibehenne 2010 メタ分析,既存と近い。再現性の論点で差別化,候補,B
65,幸福・心理,日本人の幸福度はなぜ低く出るのか,統計グラフ,World Happiness Report,,候補,B
66,幸福・心理,孤独は体にどれだけ悪いのか,研究紹介,Holt-Lunstad 2010 メタ分析,健康の助言にしない,候補,B
67,幸福・心理,第一印象は何秒で決まるのか,研究紹介,Willis & Todorov 2006,,候補,B
68,幸福・心理,なぜ怒りの投稿ほど拡散するのか,研究紹介,Brady ほか 2017、Vosoughi ほか 2018,,候補,B
69,幸福・心理,性格は大人になっても変わるのか（ビッグファイブ）,研究紹介,Roberts ほか 2006 メタ分析,,候補,B
70,幸福・心理,なぜ悪い出来事ほど記憶に残るのか,研究紹介,Baumeister ほか 2001,,候補,B
71,時間・生活,日本人は24時間を何に使っているのか,統計グラフ,総務省「社会生活基本調査」、NHK「国民生活時間調査」,,候補,C
72,時間・生活,日本人の睡眠時間はこの数十年でどれだけ減ったか,統計グラフ,NHK「国民生活時間調査」,,候補,C
73,時間・生活,スマホとテレビ、世代別の利用時間,統計グラフ,総務省「情報通信メディアの利用時間と情報行動に関する調査」,,候補,C
74,時間・生活,家事の男女差は縮まったのか,統計グラフ,社会生活基本調査,,候補,C
75,時間・生活,日本人の食卓はどう変わったか（米・パン・肉・魚）,統計グラフ,家計調査、農水省「食料需給表」,,候補,C
76,時間・生活,コンビニは日本人の生活をどう変えたか,統計グラフ,商業動態統計、日本フランチャイズチェーン協会の統計,,候補,C
77,時間・生活,なぜ週末に寝だめしてしまうのか（社会的時差ボケ）,研究紹介,Roenneberg らの研究,健康の助言にしない,候補,C
78,時間・生活,通勤時間が長い県・短い県,統計グラフ,社会生活基本調査,,候補,C
79,時間・生活,趣味を持つ人は減ったのか,統計グラフ,社会生活基本調査（趣味・娯楽の行動者率）,,候補,C
80,時間・生活,お酒を飲む若者はなぜ減ったのか,統計グラフ,国民健康・栄養調査、国税庁の酒類消費データ,,候補,C
81,社会・ネット,日本の犯罪は増えているのか、減っているのか,統計グラフ,法務省「犯罪白書」,,候補,B
82,社会・ネット,なぜ詐欺だけは減らないのか,統計グラフ,警察庁の特殊詐欺統計,,候補,B
83,社会・ネット,交通事故の死者はなぜ大きく減ったのか,統計グラフ,警察庁の交通事故統計,,候補,B
84,社会・ネット,デマはどれくらいの速さで広がるのか,シミュレーション,Vosoughi ほか 2018（Science）,,候補,A
85,社会・ネット,年代別の投票率。選挙に行く人・行かない人,統計グラフ,総務省の年代別投票率,政治的に中立に,候補,B
86,社会・ネット,人はなぜ多数派に流されるのか（同調実験）,研究紹介,アッシュの同調実験と追試,,候補,B
87,社会・ネット,なぜネットの炎上は少数の人が起こすのか,研究紹介,山口真一『ネット炎上の研究』,,候補,A
88,社会・ネット,日本に住む外国人はどれくらいいるのか,統計グラフ,出入国在留管理庁「在留外国人統計」,偏見をあおらない構成に,候補,B
89,社会・ネット,全員が同じ時間に出勤したら（通勤ラッシュ）,シミュレーション,待ち行列・混雑のモデル,,候補,B
90,社会・ネット,人はなぜ行列に並ぶのか（待ち行列理論）,シミュレーション,待ち行列理論、行列の心理研究,,候補,B
91,体・見た目,日本人の身長はなぜ伸びなくなったのか,統計グラフ,文科省「学校保健統計調査」、国民健康・栄養調査,,候補,C
92,体・見た目,背が高い人は年収も高いのか,研究紹介,Case & Paxson 2008、国内の身長プレミアム研究,,候補,C
93,体・見た目,美男美女は得をするのか（美貌格差）,研究紹介,Hamermesh の研究,,候補,C
94,体・見た目,なぜ「平均顔」は美しく見えるのか,研究紹介,Langlois & Roggman 1990,,候補,C
95,体・見た目,日本人の体格・BMIの長期推移,統計グラフ,国民健康・栄養調査,健康の助言にしない,候補,C
96,体・見た目,血液型性格診断はデータで否定できるのか,研究紹介,縄田健悟 2014（心理学研究）,,候補,C
97,体・見た目,左利きはなぜ1割前後なのか,研究紹介,Papadatou-Pastou ほか 2020 メタ分析,,候補,C
98,体・見た目,なぜ男性の方が平均寿命が短いのか,統計グラフ,厚労省「生命表」,医療の助言にしない,候補,C
99,体・見た目,運動する人は本当に長生きなのか（相関と因果）,研究紹介,運動と死亡率のコホート研究,健康の助言にしない,候補,C
100,体・見た目,星座占いで性格は分かるのか,研究紹介,Carlson 1985（Nature）ほか,,候補,C
101,恋愛・結婚,もしお見合い結婚が今も主流だったら、未婚率はどうなっていたか,シミュレーション,出生動向基本調査（夫婦の出会いのきっかけの推移）、国勢調査（配偶関係）,「もしも」型（2026-10-03追加）。見合いの減少だけで未婚率を説明しない。前提を画面で明示,候補,A
102,恋愛・結婚,もしマッチングアプリの「いいね」に上限がなかったら・厳しかったら,シミュレーション,Bruch & Newman 2018、マッチング市場のモデル,「もしも」型（2026-10-03追加）。6と近い。制度の違いによる結果の比較に絞る,候補,A
103,恋愛・結婚,もし同じ年代の相手としか結婚しなかったら、何人が相手不足になるか,シミュレーション,国勢調査（男女別・年齢別の未婚者数）,「もしも」型（2026-10-03追加）。どちらかの性別を見下す表現にしない。両側のデータを出す,候補,A
104,恋愛・結婚,もし婚姻数が1990年の水準のままだったら、出生数はどうなっていたか,シミュレーション,人口動態統計（婚姻数・出生数）、有配偶出生率,「もしも」型（2026-10-03追加）。単純化の前提を画面で明示,候補,A
105,お金・格差,もし1990年の100万円を預金・株・土地に分けて置いていたら、今いくらか,シミュレーション,日銀の金利統計、株価指数、地価公示,「もしも」型（2026-10-03追加）。投資の助言にしない。過去の比較として扱う,候補,A
106,お金・格差,もし全員の年収が同じだったら、日本の消費はどう変わるか,シミュレーション,家計調査（所得階級別の消費支出）、国民経済計算,「もしも」型（2026-10-03追加）。特定の政策の主張にしない,候補,A
107,お金・格差,もし30年間、物価と賃金が年2%ずつ上がり続けていたら,シミュレーション,消費者物価指数、賃金構造基本統計調査,「もしも」型（2026-10-03追加）。金融政策の是非を論じない,候補,A
108,世代・人口,もし第3次ベビーブームが起きていたら、今の日本はどうなっていたか,シミュレーション,人口動態統計、社人研「日本の将来推計人口」,「もしも」型（2026-10-03追加）。氷河期世代を傷つけない表現に,候補,A
109,東京と地方・住まい,もし東京への人口集中が1970年で止まっていたら,シミュレーション,国勢調査（都道府県別人口）、住民基本台帳人口移動報告,「もしも」型（2026-10-03追加）,候補,A
110,世代・人口,もし平均寿命が1950年のままだったら、日本の人口の形はどうなるか,シミュレーション,厚労省「生命表」、人口推計,「もしも」型（2026-10-03追加）。健康の助言にしない,候補,B
111,恋愛・結婚,「普通の相手」の条件を全部重ねると、何人残るか,シミュレーション,国勢調査、賃金構造基本統計調査、国民健康・栄養調査（身長）、出生動向基本調査（相手に求める条件）,2026-10-04追加（最初の20本の案、themes/first20.md）。承認待ち。男女両方の条件を同じ手順で。条件の重ね方の前提を画面に出す,候補,A
112,恋愛・結婚,20〜30代の未婚の男女比は、県でどれだけ違うか,統計グラフ,国勢調査（都道府県別・男女年齢別の配偶関係）、住民基本台帳人口移動報告,2026-10-04追加（最初の20本の案、themes/first20.md）。承認待ち。地方を見下さない,候補,A
113,恋愛・結婚,何歳で結婚する人が多いか（年齢別の初婚率と「35歳の壁」）,統計グラフ,人口動態統計（年齢別初婚率）、国勢調査,2026-10-04追加（最初の20本の案、themes/first20.md）。承認待ち。焦らせる描き方にしない,候補,A
114,恋愛・結婚,デート代はどちらが払っているか（割り勘の割合）,統計グラフ,民間調査（主体・人数・方法を確かめる）,2026-10-04追加（最初の20本の案、themes/first20.md）。承認待ち。対立型。公的統計が少ないので調査の限界を画面に出す。公開後に広告の制限を確認,候補,A
115,恋愛・結婚,出会ってから結婚までの年数は延びたか,統計グラフ,出生動向基本調査（夫婦調査：交際期間、出会った年齢）,2026-10-04追加（最初の20本の案、themes/first20.md）。承認待ち,候補,A
116,恋愛・結婚,共働きの家事は誰がしているか（夫婦の家事時間の推移）,統計グラフ,社会生活基本調査,2026-10-04追加（最初の20本の案、themes/first20.md）。承認待ち。夫を責める描き方にしない,候補,A
117,恋愛・結婚,再婚は増えたのか（初婚・再婚の組み合わせ）,統計グラフ,人口動態統計（婚姻：初婚・再婚の組み合わせ別）,2026-10-04追加（最初の20本の案、themes/first20.md）。承認待ち,候補,A
118,恋愛・結婚,結婚した人は幸せになったのか（既婚・未婚の満足度）,研究紹介,内閣府「満足度・生活の質に関する調査」、縦断調査の研究,2026-10-04追加（最初の20本の案、themes/first20.md）。承認待ち。独身を否定しない。結婚を勧めない,候補,A
119,恋愛・結婚,理想の子どもの数と実際の数,シミュレーション,出生動向基本調査（理想・予定子ども数）、人口動態統計,2026-10-04追加（最初の20本の案、themes/first20.md）。承認待ち。子どもを持たない選択を否定しない。健康の助言にしない,候補,A
120,お金・格差,r > g は「働くより資産」という意味なのか（ピケティの式の読み違い）,統計グラフ,Piketty『21世紀の資本』（r と g の定義、長期の r と g の推移の図）、Piketty 2015 AER「About Capital in the 21st Century」（本人による補足・限定）、WID、Jordà ほか 2019「The Rate of Return on Everything」、国民経済計算（名目GDP成長率・雇用者報酬）、Rognlie 2015（反論：住宅の寄与）,2026-10-05 雑メモから追加・更新（themes/memo.md）。切り口：r は資産残高の伸びではなく資本の収益率、g は給料の伸びではなく経済成長率。r > g は将来も続く保証のない傾向で、成長率・税制・制度で変わる（本人も説明）。20と近い（20はモデル、こちらは定義と実データ）。発端の投稿者など特定の個人を攻撃しない。投資・働き方の助言にしない。課税・政策の是非を論じない（政治は中立）。反論側のデータも出す。最初の20本の対象外だが「時事の枠」で2本目に差し込む（2026-10-05 オーナー決定）,制作中（002）,時事
128,恋愛・結婚,MBTIの相性が良いカップルは長続きするのか（4文字の性格診断はどこまで当たるか）,シミュレーション,MBTI・16Personalities の再検査で型が変わる割合の研究、マッチングアプリでのMBTI利用の民間調査、夫婦の性格の類似と関係満足度の研究（ビッグファイブ）,2026-10-05 運営相談から追加。時事の枠の次の1本（オーナー決定）。数字はすべて未確認。日本で流行っている無料診断の多くは16Personalitiesで正式なMBTIとは別物、を確かめて出す。使っている人をばかにしない（結論は「当たらないが役に立つ理由もある」と両方を見せる）。「なぜ人は性格を4文字で呼びたがるのか」型の心理学の切り口はベンチマークで既出（2本、どちらも伸びていないチャンネル）なので、相性と長続きのデータで差をつける。14本目（同類婚）・96（血液型）とつながる,候補,時事
