表記	言い換え	理由
出会いサイト	マッチングサービス	今は「出会いサイト」と言わない（2026-10-06 オーナー）
犯人	原因	比喩が字義どおりに聞こえ、ミスだと思われる（2026-10-06 オーナー）
主犯	いちばんの原因	同上
選び方の側	相手の選び方	日本語として分かりにくい（2026-10-06 オーナー）
細る	少なくなる	ふだん使わない（2026-10-05 オーナー。比喩の出口は「狭くなる」）
男どうし	男性どうし	男性・女性と言う（2026-10-06 006 オーナー「男→男性、女→女性と読んでほしい」。男女・台詞はそのまま）
女どうし	女性どうし	男性・女性と言う（2026-10-06 006 オーナー「男→男性、女→女性と読んでほしい」。男女・台詞はそのまま）
男と女	男性と女性	男性・女性と言う（2026-10-06 006 オーナー「男→男性、女→女性と読んでほしい」。男女・台詞はそのまま）
判定は、三角	判定は、半分だけ正解	判定の記号（〇△×）は声で読まない。言葉で言う。画面の記号はそのまま（2026-10-07 004 オーナー「判定は△です、はチープすぎる」）
三角です	半分だけ正解です	同上
の側なら	の立場なら	「側」は声が「そば」と読み、意味も硬い（2026-10-07 004 オーナー）
同じ向き	何が同じかを言う（例：同じように下がっていました）	耳で聞くと伝わらない（2026-10-07 004 オーナー）
