表記	読み	メモ
出生動向	しゅっしょうどうこう	しゅっせい と読まれやすい
社人研	しゃじんけん	国立社会保障・人口問題研究所の略
婚活市場	コンカツシジョウ	いちば と読まれやすい。ひらがなよりカタカナのほうが自然（2026-10-04 Fish 落ち着いた女性で聞き比べ）
50歳時未婚率	ごじゅっさいじみこんりつ	複合語のイントネーションが崩れる。ひらがなが一番自然（2026-10-04 聞き比べ）
50歳時	ごじゅっさいじ	同上
3割	さんわり	「3割」が聞き取りにくい（2026-10-06 オーナー。eleven-yui）
女性の側	女性のがわ	「側」を「そば」と読む（2026-10-06 オーナー）。語ごとに読みを決める
彼の側	彼のがわ	同上
彼女の側	彼女のがわ	同上
にくい側	にくいがわ	同上（選ばれにくい側）
やすい側	やすいがわ	同上（選ばれやすい側）
どちらの側	どちらのがわ	同上
もう一方の側	もう一方のがわ	同上
夫の側	夫のがわ	「側」を「そば」と読む（2026-10-06 オーナー）。004
妻の側	妻のがわ	同上。004
一日	いちにち	「ついたち」と読まれうる（004。夫婦の一日の時間）
不満の側	不満のがわ	同上。004
両側	りょうがわ	「側」は「がわ」（2026-10-07 3本目。オーナー）
片側	かたがわ	同上
相手の側	相手のがわ	同上
自分の側	自分のがわ	同上
選ぶ側	選ぶがわ	同上
れる側	れるがわ	同上（選ばれる側）
男の側	男のがわ	同上
女の側	女のがわ	同上
金を、銀の値段	きんを、ぎんの値段	論文の題（007）。かね と読まれないように
作る側	作るがわ	007（道具を作る側）
男性の側	男性のがわ	同上
考えに入れる	考えにいれる	はいれる と読まれる（2026-10-07 003 オーナー）
考えに入れ	考えにいれ	同上
相談所に入って	相談所にはいって	いって と読まれないように
入れ替わる	いれかわる	同上
条件を入れる	条件をいれる	同上
入っていません	はいっていません	同上
入っています	はいっています	同上
